1,OMP_33-36_AMP1.pdb,OMP_33-36_AMP1.JPG,2.848,15.68126,-4.6,4.50E-04,-0.48
2,OMP_33-36_AMP2.pdb,OMP_33-36_AMP2.JPG,3.634,9.38607,-3.8,1.50E-03,-3.11
3,OMP_33-36_AMP3.pdb,OMP_33-36_AMP3.JPG,2.751,19.58679,-6.7,1.20E-05,-3.38
4,OMP_33-36_AMP4.pdb,OMP_33-36_AMP4.JPG,0.24,10.06011,-12.1,1.30E-09,0.1
5,OMP_33-36_AMP5.pdb,OMP_33-36_AMP5.JPG,1.084,15.21508,-6,4.10E-05,-5.24
6,OMP_33-36_AMP6.pdb,OMP_33-36_AMP6.JPG,0.325,14.17089,-4.2,7.90E-04,-2.17
7,OMP_33-36_AMP7.pdb,OMP_33-36_AMP7.JPG,2.537,22.64856,-5.9,4.50E-05,-1.79
8,OMP_33-36_AMP8.pdb,OMP_33-36_AMP8.JPG,0.562,17.66793,-4.5,5.40E-04,-2.95
9,OMP_33-36_AMP9.pdb,OMP_33-36_AMP9.JPG,4.59,16.49645,-5.9,4.40E-05,-2.51
10,OMP_33-36_AMP10.pdb,OMP_33-36_AMP10.JPG,0.151,15.52252,-4.4,6.30E-04,-4.56
11,OMP_33-36_AMP11.pdb,OMP_33-36_AMP11.JPG,0.562,16.16111,-5.8,5.40E-05,-5.78
12,OMP_33-36_AMP12.pdb,OMP_33-36_AMP12.JPG,0.71,12.72389,-9.1,2.20E-07,-1.24
13,OMP_33-36_AMP13.pdb,OMP_33-36_AMP13.JPG,0.51,19.49711,-9.7,7.60E-08,-3.83
14,OMP_33-36_AMP14.pdb,OMP_33-36_AMP14.JPG,0.897,19.39858,-5.5,9.70E-05,-1.59
15,OMP_33-36_AMP15.pdb,OMP_33-36_AMP15.JPG,5.324,18.57227,-5.5,9.10E-05,-1.25
16,OMP_33-36_AMP16.pdb,OMP_33-36_AMP16.JPG,0.29,13.44193,-4.5,5.30E-04,-3.17
17,OMP_33-36_AMP17.pdb,OMP_33-36_AMP17.JPG,5.481,17.24814,-5.3,1.20E-04,-3.85
18,OMP_33-36_AMP18.pdb,OMP_33-36_AMP18.JPG,0.652,16.93248,-5.4,1.20E-05,-4.01
19,OMP_33-36_AMP19.pdb,OMP_33-36_AMP19.JPG,3.64,10.92228,-6.3,2.30E-05,-3.01
20,OMP_33-36_AMP20.pdb,OMP_33-36_AMP20.JPG,0.098,13.75382,-6.2,2.90E-05,-0.85
21,OMP_33-36_AMP21.pdb,OMP_33-36_AMP21.JPG,0.484,12.66153,-6.3,2.90E-06,-0.3
22,OMP_33-36_AMP22.pdb,OMP_33-36_AMP22.JPG,0.119,10.18879,-4.8,2.80E-04,-5.5
23,OMP_33-36_AMP23.pdb,OMP_33-36_AMP23.JPG,0.438,14.48786,-6,3.70E-05,-0.91
24,OMP_33-36_AMP24.pdb,OMP_33-36_AMP24.JPG,0.442,15.15268,-6.8,9.70E-06,-2.55
25,OMP_33-36_AMP25.pdb,OMP_33-36_AMP25.JPG,1.168,10.13778,-6.9,9.70E-07,-4.34
26,OMP_33-36_AMP26.pdb,OMP_33-36_AMP26.JPG,5.494,21.34174,-6.1,9.70E-08,-3.66
27,OMP_33-36_AMP27.pdb,OMP_33-36_AMP27.JPG,0.399,10.5047,-4.3,6.90E-04,-5.53
28,OMP_33-36_AMP28.pdb,OMP_33-36_AMP28.JPG,0.118,20.78871,-4.8,3.10E-04,-4.63
29,OMP_33-36_AMP29.pdb,OMP_33-36_AMP29.JPG,0.905,14.88824,-4.4,6.10E-04,-3.73
30,OMP_33-36_AMP30.pdb,OMP_33-36_AMP30.JPG,0.335,19.32366,-6.2,2.70E-05,-4.67
31,OMP_33-36_AMP31.pdb,OMP_33-36_AMP31.JPG,1.996,14.25236,-4.7,3.50E-04,
32,OMP_33-36_AMP32.pdb,OMP_33-36_AMP32.JPG,0.38,14.80199,-5.5,9.80E-05,
33,OMP_33-36_AMP33.pdb,OMP_33-36_AMP33.JPG,0.208,13.7716,-9.7,7.50E-08,
34,OMP_33-36_AMP34.pdb,OMP_33-36_AMP34.JPG,0.372,15.02343,-5.1,1.90E-04,
35,OMP_33-36_AMP35.pdb,OMP_33-36_AMP35.JPG,0.279,6.38764,-5,2.00E-04,
36,OMP_33-36_AMP36.pdb,OMP_33-36_AMP36.JPG,0.407,17.7108,-5,2.00E-04,
37,OMP_33-36_AMP37.pdb,OMP_33-36_AMP37.JPG,0.417,20.53049,-10.2,3.40E-08,
38,OMP_33-36_AMP38.pdb,OMP_33-36_AMP38.JPG,0.61,15.59357,-5,2.10E-04,
39,OMP_33-36_AMP39.pdb,OMP_33-36_AMP39.JPG,0.318,12.20004,-6.2,2.90E-05,
40,OMP_33-36_AMP40.pdb,OMP_33-36_AMP40.JPG,4.389,14.75082,-4.6,4.20E-04,
41,OMP_33-36_AMP41.pdb,OMP_33-36_AMP41.JPG,2.879,11.04034,-8.4,6.90E-07,
42,OMP_33-36_AMP42.pdb,OMP_33-36_AMP42.JPG,0.638,20.62431,-5.8,5.20E-05,
43,OMP_33-36_AMP43.pdb,OMP_33-36_AMP43.JPG,0.394,10.48341,-6.7,1.20E-05,
44,OMP_33-36_AMP44.pdb,OMP_33-36_AMP44.JPG,0.873,13.91122,-4,1.10E-03,
45,OMP_33-36_AMP45.pdb,OMP_33-36_AMP45.JPG,1.653,20.41554,-4.1,1.10E-04,
46,OMP_33-36_AMP46.pdb,OMP_33-36_AMP46.JPG,0.498,10.96692,-5.2,1.50E-04,
47,OMP_33-36_AMP47.pdb,OMP_33-36_AMP47.JPG,0.732,15.06291,-5.1,1.70E-04,
48,OMP_33-36_AMP48.pdb,OMP_33-36_AMP48.JPG,0.655,15.35531,-5.7,7.00E-05,
49,OMP_33-36_AMP49.pdb,OMP_33-36_AMP49.JPG,2.767,15.5745,-6.1,3.40E-05,
50,OMP_33-36_AMP50.pdb,OMP_33-36_AMP50.JPG,0.571,20.48822,-7.7,2.30E-06,
51,OMP_33-36_AMP51.pdb,OMP_33-36_AMP51.JPG,0.695,15.55694,-6.1,3.10E-05,
52,OMP_33-36_AMP52.pdb,OMP_33-36_AMP52.JPG,4.145,15.99388,-7.6,2.60E-06,
53,OMP_33-36_AMP53.pdb,OMP_33-36_AMP53.JPG,1.456,13.34253,-9.5,9.90E-08,
54,OMP_33-36_AMP54.pdb,OMP_33-36_AMP54.JPG,4.094,13.23996,-6.5,1.70E-05,
55,OMP_33-36_AMP55.pdb,OMP_33-36_AMP55.JPG,0.496,15.75945,-4.3,6.90E-04,
56,OMP_33-36_AMP56.pdb,OMP_33-36_AMP56.JPG,0.528,19.94357,-11.1,7.40E-09,
57,OMP_33-36_AMP57.pdb,OMP_33-36_AMP57.JPG,1.174,16.00127,-9.8,6.70E-08,
58,OMP_33-36_AMP58.pdb,OMP_33-36_AMP58.JPG,0.364,14.36489,-5,2.20E-04,
59,OMP_33-36_AMP59.pdb,OMP_33-36_AMP59.JPG,4.037,16.72591,-4.9,2.70E-04,
60,OMP_33-36_AMP60.pdb,OMP_33-36_AMP60.JPG,2.953,14.55537,-6.4,2.00E-05,
61,OMP_33-36_AMP61.pdb,OMP_33-36_AMP61.JPG,0.439,15.60627,-7,7.40E-06,
62,OMP_33-36_AMP62.pdb,OMP_33-36_AMP62.JPG,0.373,21.9421,-5.1,1.90E-04,
63,OMP_33-36_AMP63.pdb,OMP_33-36_AMP63.JPG,2.333,16.53556,-8.9,3.10E-07,
64,OMP_33-36_AMP64.pdb,OMP_33-36_AMP64.JPG,0.347,21.78249,-7.2,5.10E-06,
65,OMP_33-36_AMP65.pdb,OMP_33-36_AMP65.JPG,0.572,11.78341,-4.9,2.30E-04,
66,OMP_33-36_AMP66.pdb,OMP_33-36_AMP66.JPG,0.602,17.71224,-7.1,6.10E-06,
67,OMP_33-36_AMP67.pdb,OMP_33-36_AMP67.JPG,0.084,22.12254,-5.2,1.60E-04,
68,OMP_33-36_AMP68.pdb,OMP_33-36_AMP68.JPG,0.147,15.7666,-5.9,4.50E-05,
69,OMP_33-36_AMP69.pdb,OMP_33-36_AMP69.JPG,0.531,21.4183,-4.3,6.60E-04,
70,OMP_33-36_AMP70.pdb,OMP_33-36_AMP70.JPG,5.599,9.50524,-6.8,1.10E-05,
71,OMP_33-36_AMP71.pdb,OMP_33-36_AMP71.JPG,0.442,13.87287,-6.9,1.10E-06,
72,OMP_33-36_AMP72.pdb,OMP_33-36_AMP72.JPG,3.191,11.30413,-4,1.20E-03,
73,OMP_33-36_AMP73.pdb,OMP_33-36_AMP73.JPG,2.135,15.17546,-8.4,6.90E-07,
74,OMP_33-36_AMP74.pdb,OMP_33-36_AMP74.JPG,0.768,19.38109,-4,1.20E-03,
75,OMP_33-36_AMP75.pdb,OMP_33-36_AMP75.JPG,4.223,11.25129,-6,3.70E-05,
76,OMP_33-36_AMP76.pdb,OMP_33-36_AMP76.JPG,3.33,9.55181,-8.9,3.00E-07,
77,OMP_33-36_AMP77.pdb,OMP_33-36_AMP77.JPG,0.203,11.15823,-8.1,3.00E-08,
78,OMP_33-36_AMP78.pdb,OMP_33-36_AMP78.JPG,1.917,11.49365,-4.6,4.30E-04,
79,OMP_33-36_AMP79.pdb,OMP_33-36_AMP79.JPG,2.848,15.68126,-6.3,2.50E-05,
80,OMP_33-36_AMP80.pdb,OMP_33-36_AMP80.JPG,3.634,9.38607,-4.7,3.60E-04,
81,OMP_33-36_AMP81.pdb,OMP_33-36_AMP81.JPG,2.751,19.58679,-4.8,3.60E-05,
82,OMP_33-36_AMP82.pdb,OMP_33-36_AMP82.JPG,0.24,10.06011,-4.9,3.60E-06,
83,OMP_33-36_AMP83.pdb,OMP_33-36_AMP83.JPG,1.084,15.21508,-5,2.10E-04,
84,OMP_33-36_AMP84.pdb,OMP_33-36_AMP84.JPG,0.325,14.17089,-4.9,2.70E-04,
85,OMP_33-36_AMP85.pdb,OMP_33-36_AMP85.JPG,2.537,22.64856,-5.4,1.20E-04,
86,OMP_33-36_AMP86.pdb,OMP_33-36_AMP86.JPG,0.562,17.66793,-5.5,1.20E-05,
87,OMP_33-36_AMP87.pdb,OMP_33-36_AMP87.JPG,4.59,16.49645,-5,2.20E-04,
88,OMP_33-36_AMP88.pdb,OMP_33-36_AMP88.JPG,0.151,15.52252,-6.8,1.10E-05,
89,OMP_33-36_AMP89.pdb,OMP_33-36_AMP89.JPG,0.562,16.16111,-6,3.90E-05,
90,OMP_33-36_AMP90.pdb,OMP_33-36_AMP90.JPG,0.71,12.72389,-3.8,1.60E-03,
91,OMP_33-36_AMP91.pdb,OMP_33-36_AMP91.JPG,0.51,19.49711,-3.9,1.60E-04,
92,OMP_33-36_AMP92.pdb,OMP_33-36_AMP92.JPG,0.897,19.39858,-5,2.10E-04,
93,OMP_33-36_AMP93.pdb,OMP_33-36_AMP93.JPG,5.324,18.57227,-4.8,2.90E-04,
94,OMP_33-36_AMP94.pdb,OMP_33-36_AMP94.JPG,0.29,13.44193,-4.5,5.40E-04,
95,OMP_33-36_AMP95.pdb,OMP_33-36_AMP95.JPG,5.481,17.24814,-5.8,5.70E-05,
96,OMP_33-36_AMP96.pdb,OMP_33-36_AMP96.JPG,0.652,16.93248,-5.9,5.70E-06,
97,OMP_33-36_AMP97.pdb,OMP_33-36_AMP97.JPG,3.64,10.92228,-4.8,2.90E-04,
98,OMP_33-36_AMP98.pdb,OMP_33-36_AMP98.JPG,0.098,13.75382,-4.3,7.30E-04,
99,OMP_33-36_AMP99.pdb,OMP_33-36_AMP99.JPG,0.484,12.66153,-4.4,7.30E-05,
100,OMP_33-36_AMP100.pdb,OMP_33-36_AMP100.JPG,0.119,10.18879,-7.2,5.50E-06,
101,OMP_33-36_AMP101.pdb,OMP_33-36_AMP101.JPG,0.438,14.48786,-9,2.50E-07,
102,OMP_33-36_AMP102.pdb,OMP_33-36_AMP102.JPG,0.442,15.15268,-6.9,8.90E-06,
103,OMP_33-36_AMP103.pdb,OMP_33-36_AMP103.JPG,1.168,10.13778,-4.4,6.10E-04,
104,OMP_33-36_AMP104.pdb,OMP_33-36_AMP104.JPG,5.494,21.34174,-6,3.70E-05,
105,OMP_33-36_AMP105.pdb,OMP_33-36_AMP105.JPG,0.399,10.5047,-5.6,7.50E-05,
106,OMP_33-36_AMP106.pdb,OMP_33-36_AMP106.JPG,0.118,20.78871,-3.9,1.40E-03,
107,OMP_33-36_AMP107.pdb,OMP_33-36_AMP107.JPG,0.905,14.88824,-3.1,1.40E-04,
108,OMP_33-36_AMP108.pdb,OMP_33-36_AMP108.JPG,0.335,19.32366,-3.11,1.40E-05,
109,OMP_33-36_AMP109.pdb,OMP_33-36_AMP109.JPG,1.49,25.07637,-4.7,3.70E-04,
110,OMP_33-36_AMP110.pdb,OMP_33-36_AMP110.JPG,0.153,24.25448,-4.6,4.30E-04,
111,OMP_33-36_AMP111.pdb,OMP_33-36_AMP111.JPG,0.146,10.87793,-4.3,6.60E-04,
112,OMP_33-36_AMP112.pdb,OMP_33-36_AMP112.JPG,0.627,19.93013,-5,2.00E-04,
113,OMP_33-36_AMP113.pdb,OMP_33-36_AMP113.JPG,4.119,11.81535,-5.5,1.00E-04,
114,OMP_33-36_AMP114.pdb,OMP_33-36_AMP114.JPG,0.192,12.17163,-4.8,3.00E-04,
115,OMP_33-36_AMP115.pdb,OMP_33-36_AMP115.JPG,0.766,20.76984,-5.1,1.90E-04,
116,OMP_33-36_AMP116.pdb,OMP_33-36_AMP116.JPG,1.104,16.17334,-5.4,1.10E-04,
117,OMP_33-36_AMP117.pdb,OMP_33-36_AMP117.JPG,0.245,6.31815,-5.2,1.40E-04,
118,OMP_33-36_AMP118.pdb,OMP_33-36_AMP118.JPG,0.453,22.38967,-4.4,5.70E-04,
119,OMP_33-36_AMP119.pdb,OMP_33-36_AMP119.JPG,1.118,20.8183,-4.9,2.50E-04,
120,OMP_33-36_AMP120.pdb,OMP_33-36_AMP120.JPG,0.233,9.10665,-4.3,6.50E-04,
121,OMP_33-36_AMP121.pdb,OMP_33-36_AMP121.JPG,1.664,22.02574,-4.4,6.50E-05,
122,OMP_33-36_AMP122.pdb,OMP_33-36_AMP122.JPG,0.105,15.38581,-6.2,2.70E-05,
123,OMP_33-36_AMP123.pdb,OMP_33-36_AMP123.JPG,0.429,17.36134,-5.5,8.80E-05,
124,OMP_33-36_AMP124.pdb,OMP_33-36_AMP124.JPG,3.506,25.83549,-6,4.10E-05,
125,OMP_33-36_AMP125.pdb,OMP_33-36_AMP125.JPG,0.328,16.0803,-4.7,3.50E-04,
126,OMP_33-36_AMP126.pdb,OMP_33-36_AMP126.JPG,1.517,9.85284,-8.7,4.00E-07,
127,OMP_33-36_AMP127.pdb,OMP_33-36_AMP127.JPG,0.172,9.51594,-4.7,3.30E-04,
128,OMP_33-36_AMP128.pdb,OMP_33-36_AMP128.JPG,0.32,15.95961,-4.2,7.80E-04,
129,OMP_33-36_AMP129.pdb,OMP_33-36_AMP129.JPG,0.394,18.22577,-5.9,5.10E-05,
130,OMP_33-36_AMP130.pdb,OMP_33-36_AMP130.JPG,5.458,10.2439,-4.2,8.30E-04,
131,OMP_33-36_AMP131.pdb,OMP_33-36_AMP131.JPG,0.511,21.28209,-5.2,1.60E-04,
132,OMP_33-36_AMP132.pdb,OMP_33-36_AMP132.JPG,0.43,10.18792,-7,7.80E-06,
133,OMP_33-36_AMP133.pdb,OMP_33-36_AMP133.JPG,0.092,9.39666,-6.8,1.00E-05,
134,OMP_33-36_AMP134.pdb,OMP_33-36_AMP134.JPG,0.119,15.9749,-7.7,2.40E-06,
135,OMP_33-36_AMP135.pdb,OMP_33-36_AMP135.JPG,0.178,15.40446,-6.5,1.80E-05,
136,OMP_33-36_AMP136.pdb,OMP_33-36_AMP136.JPG,1.865,8.50396,-4.9,2.30E-04,
137,OMP_33-36_AMP137.pdb,OMP_33-36_AMP137.JPG,2.522,15.29106,-5.5,9.10E-05,
138,OMP_33-36_AMP138.pdb,OMP_33-36_AMP138.JPG,0.551,9.97199,-5.6,9.10E-06,
139,OMP_33-36_AMP139.pdb,OMP_33-36_AMP139.JPG,0.097,9.08855,-5,2.20E-04,
140,OMP_33-36_AMP140.pdb,OMP_33-36_AMP140.JPG,0.752,14.91717,-7.8,1.90E-06,
141,OMP_33-36_AMP141.pdb,OMP_33-36_AMP141.JPG,0.73,16.51607,-4.8,3.10E-04,
142,OMP_33-36_AMP142.pdb,OMP_33-36_AMP142.JPG,0.264,26.57953,-6.6,1.50E-05,
143,OMP_33-36_AMP143.pdb,OMP_33-36_AMP143.JPG,0.777,17.32385,-5,2.20E-04,
144,OMP_33-36_AMP144.pdb,OMP_33-36_AMP144.JPG,0.156,12.7939,-4.3,6.90E-04,
145,OMP_33-36_AMP145.pdb,OMP_33-36_AMP145.JPG,2.243,22.5224,-5.8,5.70E-05,
146,OMP_33-36_AMP146.pdb,OMP_33-36_AMP146.JPG,0.645,13.7914,-5.3,1.40E-04,
147,OMP_33-36_AMP147.pdb,OMP_33-36_AMP147.JPG,0.169,11.99763,-4.8,3.10E-04,
148,OMP_33-36_AMP148.pdb,OMP_33-36_AMP148.JPG,0.729,15.7509,-4.2,8.80E-04,
149,OMP_33-36_AMP149.pdb,OMP_33-36_AMP149.JPG,0.561,18.59967,-4.3,8.80E-05,
150,OMP_33-36_AMP150.pdb,OMP_33-36_AMP150.JPG,1.591,16.75455,-6.2,3.10E-05,
151,OMP_33-36_AMP151.pdb,OMP_33-36_AMP151.JPG,0.506,11.71856,-4.2,8.10E-04,
152,OMP_33-36_AMP152.pdb,OMP_33-36_AMP152.JPG,0.548,10.42288,-5.4,1.10E-04,
153,OMP_33-36_AMP153.pdb,OMP_33-36_AMP153.JPG,0.598,8.57782,-5.5,1.00E-04,
154,OMP_33-36_AMP154.pdb,OMP_33-36_AMP154.JPG,0.638,18.30631,,,
155,OMP_33-36_AMP155.pdb,OMP_33-36_AMP155.JPG,0.224,16.94849,,,
156,OMP_33-36_AMP156.pdb,OMP_33-36_AMP156.JPG,1.036,9.8052,,,
157,OMP_33-36_AMP157.pdb,OMP_33-36_AMP157.JPG,0.291,12.90529,-4.7,3.70E-04,
158,OMP_33-36_AMP158.pdb,OMP_33-36_AMP158.JPG,0.327,17.47147,-5.3,1.20E-04,
159,OMP_33-36_AMP159.pdb,OMP_33-36_AMP159.JPG,0.179,14.30579,,,
160,OMP_33-36_AMP160.pdb,OMP_33-36_AMP160.JPG,0.153,22.46401,-7.3,4.70E-06,
161,OMP_33-36_AMP161.pdb,OMP_33-36_AMP161.JPG,1.108,15.23935,,,
162,OMP_33-36_AMP162.pdb,OMP_33-36_AMP162.JPG,0.135,13.46535,-4.6,4.00E-04,
163,OMP_33-36_AMP163.pdb,OMP_33-36_AMP163.JPG,0.995,10.61414,-6.2,2.80E-05,
164,OMP_33-36_AMP164.pdb,OMP_33-36_AMP164.JPG,0.22,14.21694,-6.2,2.80E-05,
165,OMP_33-36_AMP165.pdb,OMP_33-36_AMP165.JPG,0.224,12.49088,,,
166,OMP_33-36_AMP166.pdb,OMP_33-36_AMP166.JPG,0.235,8.94844,-4.8,3.00E-04,
167,OMP_33-36_AMP167.pdb,OMP_33-36_AMP167.JPG,0.17,18.93845,,,
168,OMP_33-36_AMP168.pdb,OMP_33-36_AMP168.JPG,0.375,13.72259,,,
169,OMP_33-36_AMP169.pdb,OMP_33-36_AMP169.JPG,0.554,14.2688,-4.1,9.80E-04,
170,OMP_33-36_AMP170.pdb,OMP_33-36_AMP170.JPG,0.515,19.97421,-6.3,2.50E-05,
171,OMP_33-36_AMP171.pdb,OMP_33-36_AMP171.JPG,0.239,14.47585,-8.9,3.00E-07,
172,OMP_33-36_AMP172.pdb,OMP_33-36_AMP172.JPG,2.901,8.89262,-6.4,2.00E-05,
173,OMP_33-36_AMP173.pdb,OMP_33-36_AMP173.JPG,1.025,11.12927,-6,4.00E-05,
174,OMP_33-36_AMP174.pdb,OMP_33-36_AMP174.JPG,0.402,16.50102,-6.9,8.00E-06,
175,OMP_33-36_AMP175.pdb,OMP_33-36_AMP175.JPG,0.352,21.33937,-5.8,6.00E-05,
176,OMP_33-36_AMP176.pdb,OMP_33-36_AMP176.JPG,0.73,18.08378,-4.1,9.70E-04,
177,OMP_33-36_AMP177.pdb,OMP_33-36_AMP177.JPG,0.815,15.75854,-5.4,1.00E-04,
178,OMP_33-36_AMP178.pdb,OMP_33-36_AMP178.JPG,2.153,20.53638,-4.2,7.90E-04,
179,OMP_33-36_AMP179.pdb,OMP_33-36_AMP179.JPG,0.265,22.39937,-5.2,1.60E-04,
180,OMP_33-36_AMP180.pdb,OMP_33-36_AMP180.JPG,0.207,12.81826,-5.9,5.10E-05,
181,OMP_33-36_AMP181.pdb,OMP_33-36_AMP181.JPG,0.326,22.95529,-4.8,2.90E-04,
182,OMP_33-36_AMP182.pdb,OMP_33-36_AMP182.JPG,0.172,15.69832,-5.4,1.20E-04,
183,OMP_33-36_AMP183.pdb,OMP_33-36_AMP183.JPG,0.114,17.84798,-5.2,1.50E-04,
184,OMP_33-36_AMP184.pdb,OMP_33-36_AMP184.JPG,0.477,22.9928,-4.1,9.60E-04,
185,OMP_33-36_AMP185.pdb,OMP_33-36_AMP185.JPG,0.329,20.28582,,,
186,OMP_33-36_AMP186.pdb,OMP_33-36_AMP186.JPG,2.033,24.69784,,,
187,OMP_33-36_AMP187.pdb,OMP_33-36_AMP187.JPG,0.465,12.52487,-7.7,2.10E-06,
188,OMP_33-36_AMP188.pdb,OMP_33-36_AMP188.JPG,0.242,13.06151,-7.4,4.00E-06,
189,OMP_33-36_AMP189.pdb,OMP_33-36_AMP189.JPG,0.361,10.68182,-4.4,6.30E-04,
190,OMP_33-36_AMP190.pdb,OMP_33-36_AMP190.JPG,0.305,18.24742,-10.7,4.50E-04,
191,OMP_33-36_AMP191.pdb,OMP_33-36_AMP191.JPG,0.78,19.25712,-8.2,1.50E-03,
192,OMP_33-36_AMP192.pdb,OMP_33-36_AMP192.JPG,1.872,17.56277,,1.20E-05,
193,OMP_33-36_AMP193.pdb,OMP_33-36_AMP193.JPG,0.103,10.24733,,1.30E-09,
194,OMP_33-36_AMP194.pdb,OMP_33-36_AMP194.JPG,0.625,12.65208,-4.1,4.10E-05,
195,OMP_33-36_AMP195.pdb,OMP_33-36_AMP195.JPG,0.056,12.39589,-6.1,7.90E-04,
196,OMP_33-36_AMP196.pdb,OMP_33-36_AMP196.JPG,0.184,10.2037,-4.6,4.50E-05,
197,OMP_33-36_AMP197.pdb,OMP_33-36_AMP197.JPG,0.16,15.4229,-4.5,5.40E-04,
198,OMP_33-36_AMP198.pdb,OMP_33-36_AMP198.JPG,0.254,13.09616,-4.5,4.40E-05,
199,OMP_33-36_AMP199.pdb,OMP_33-36_AMP199.JPG,0.249,15.59244,-5.2,6.30E-04,
200,OMP_33-36_AMP200.pdb,OMP_33-36_AMP200.JPG,0.762,18.70365,-5.4,5.40E-05,
201,OMP_33-36_AMP201.pdb,OMP_33-36_AMP201.JPG,0.239,14.95133,-5.5,2.20E-07,
202,OMP_33-36_AMP202.pdb,OMP_33-36_AMP202.JPG,0.357,17.30105,-4.8,7.60E-08,
203,OMP_33-36_AMP203.pdb,OMP_33-36_AMP203.JPG,0.177,15.26286,-5.1,9.70E-05,
204,OMP_33-36_AMP204.pdb,OMP_33-36_AMP204.JPG,0.185,15.53753,-3.9,9.10E-05,
205,OMP_33-36_AMP205.pdb,OMP_33-36_AMP205.JPG,0.789,15.24325,-4,5.30E-04,
206,OMP_33-36_AMP206.pdb,OMP_33-36_AMP206.JPG,2.792,18.10711,-4.6,1.20E-04,
207,OMP_33-36_AMP207.pdb,OMP_33-36_AMP207.JPG,0.171,11.89585,-5.3,,
208,OMP_33-36_AMP208.pdb,OMP_33-36_AMP208.JPG,1.99,15.66522,-5.1,2.30E-05,
209,OMP_33-36_AMP209.pdb,OMP_33-36_AMP209.JPG,3.281,15.0934,-4.3,2.90E-05,
210,OMP_33-36_AMP210.pdb,OMP_33-36_AMP210.JPG,0.14,10.09736,-5.1,,
211,OMP_33-36_AMP211.pdb,OMP_33-36_AMP211.JPG,0.322,19.3073,-5.2,2.80E-04,
212,OMP_33-36_AMP212.pdb,OMP_33-36_AMP212.JPG,0.876,19.09649,-8.3,3.70E-05,
213,OMP_33-36_AMP213.pdb,OMP_33-36_AMP213.JPG,3.084,23.64112,-3.9,9.70E-06,
214,OMP_33-36_AMP214.pdb,OMP_33-36_AMP214.JPG,0.535,36.23549,-4.8,,
215,OMP_33-36_AMP215.pdb,OMP_33-36_AMP215.JPG,4.433,19.90567,-4.8,,
216,OMP_33-36_AMP216.pdb,OMP_33-36_AMP216.JPG,0.733,17.77142,-4.4,6.90E-04,
217,OMP_33-36_AMP217.pdb,OMP_33-36_AMP217.JPG,0.573,20.26692,-4.6,3.10E-04,
218,OMP_33-36_AMP218.pdb,OMP_33-36_AMP218.JPG,2.58,15.52418,-4.9,6.10E-04,
219,OMP_33-36_AMP219.pdb,OMP_33-36_AMP219.JPG,0.162,9.64159,-5.3,2.70E-05,
220,OMP_33-36_AMP220.pdb,OMP_33-36_AMP220.JPG,0.748,12.76997,-4.8,3.50E-04,
221,OMP_33-36_AMP221.pdb,OMP_33-36_AMP221.JPG,0.31,13.37493,-4.4,9.80E-05,
222,OMP_33-36_AMP222.pdb,OMP_33-36_AMP222.JPG,0.839,17.1628,-5.5,7.50E-08,
223,OMP_33-36_AMP223.pdb,OMP_33-36_AMP223.JPG,1.054,12.15017,-4.4,1.90E-04,
224,OMP_33-36_AMP224.pdb,OMP_33-36_AMP224.JPG,0.316,21.09465,-5.4,2.00E-04,
225,OMP_33-36_AMP225.pdb,OMP_33-36_AMP225.JPG,0.324,9.82315,-6.2,2.00E-04,
226,OMP_33-36_AMP226.pdb,OMP_33-36_AMP226.JPG,0.165,18.76846,-6.2,3.40E-08,
227,OMP_33-36_AMP227.pdb,OMP_33-36_AMP227.JPG,0.284,18.63234,-4.3,2.10E-04,
228,OMP_33-36_AMP228.pdb,OMP_33-36_AMP228.JPG,0.447,19.77187,-9,2.90E-05,
229,OMP_33-36_AMP229.pdb,OMP_33-36_AMP229.JPG,1.781,11.23427,-5.4,4.20E-04,
230,OMP_33-36_AMP230.pdb,OMP_33-36_AMP230.JPG,0.099,15.17177,-4.6,6.90E-07,
231,OMP_33-36_AMP231.pdb,OMP_33-36_AMP231.JPG,0.082,17.95249,-3.8,5.20E-05,
232,OMP_33-36_AMP232.pdb,OMP_33-36_AMP232.JPG,0.156,22.66657,-6.7,1.20E-05,
233,OMP_33-36_AMP233.pdb,OMP_33-36_AMP233.JPG,0.068,16.03141,-12.1,1.10E-03,
234,OMP_33-36_AMP234.pdb,OMP_33-36_AMP234.JPG,0.278,18.6318,-6,,
235,OMP_33-36_AMP235.pdb,OMP_33-36_AMP235.JPG,0.255,13.10481,-4.2,1.50E-04,
236,OMP_33-36_AMP236.pdb,OMP_33-36_AMP236.JPG,0.254,21.92429,-5.9,1.70E-04,
237,OMP_33-36_AMP237.pdb,OMP_33-36_AMP237.JPG,0.784,14.37254,-4.5,7.00E-05,
238,OMP_33-36_AMP238.pdb,OMP_33-36_AMP238.JPG,0.364,11.72599,-5.9,3.40E-05,
239,OMP_33-36_AMP239.pdb,OMP_33-36_AMP239.JPG,0.136,18.91852,-4.4,2.30E-06,
240,OMP_33-36_AMP240.pdb,OMP_33-36_AMP240.JPG,0.323,12.97221,-5.8,3.10E-05,
241,OMP_33-36_AMP241.pdb,OMP_33-36_AMP241.JPG,0.244,12.56022,-9.1,2.60E-06,
242,OMP_33-36_AMP242.pdb,OMP_33-36_AMP242.JPG,0.24,10.74078,-9.7,9.90E-08,
243,OMP_33-36_AMP243.pdb,OMP_33-36_AMP243.JPG,0.11,16.53003,-5.5,1.70E-05,
244,OMP_33-36_AMP244.pdb,OMP_33-36_AMP244.JPG,0.217,17.68794,-5.5,6.90E-04,
245,OMP_33-36_AMP245.pdb,OMP_33-36_AMP245.JPG,0.163,22.5936,-4.5,7.40E-09,
246,OMP_33-36_AMP246.pdb,OMP_33-36_AMP246.JPG,0.118,13.2027,-5.3,6.70E-08,
247,OMP_33-36_AMP247.pdb,OMP_33-36_AMP247.JPG,0.238,13.57377,-4.8,2.20E-04,
248,OMP_33-36_AMP248.pdb,OMP_33-36_AMP248.JPG,0.285,16.61372,-6.3,2.70E-04,
249,OMP_33-36_AMP249.pdb,OMP_33-36_AMP249.JPG,0.146,18.88236,-6.2,2.00E-05,
250,OMP_33-36_AMP250.pdb,OMP_33-36_AMP250.JPG,0.122,14.55831,-4.8,7.40E-06,
251,OMPW_AMP1.pdb,OMPW_AMP1.JPG,0.14,11.32581,-4.8,1.90E-04,0.1
252,OMPW_AMP2.pdb,OMPW_AMP2.JPG,0.202,10.11799,-6,3.10E-07,-0.44
253,OMPW_AMP3.pdb,OMPW_AMP3.JPG,0.155,11.56187,-6.8,5.10E-06,-1.29
254,OMPW_AMP4.pdb,OMPW_AMP4.JPG,0.104,13.24707,,2.30E-04,-0.32
255,OMPW_AMP5.pdb,OMPW_AMP5.JPG,0.154,17.3169,,6.10E-06,-3.98
256,OMPW_AMP6.pdb,OMPW_AMP6.JPG,0.192,11.16653,-4.3,1.60E-04,-0.87
257,OMPW_AMP7.pdb,OMPW_AMP7.JPG,0.403,12.93702,-4.8,4.50E-05,-1.05
258,OMPW_AMP8.pdb,OMPW_AMP8.JPG,0.278,10.16827,-4.4,6.60E-04,-1.22
259,OMPW_AMP9.pdb,OMPW_AMP9.JPG,0.213,10.26804,-6.2,1.10E-05,0.1
260,OMPW_AMP10.pdb,OMPW_AMP10.JPG,0.101,15.46345,-4.7,,-0.69
261,OMPW_AMP11.pdb,OMPW_AMP11.JPG,0.047,16.98926,-5.5,1.20E-03,-3.12
262,OMPW_AMP12.pdb,OMPW_AMP12.JPG,0.087,14.9463,-9.7,6.90E-07,0.1
263,OMPW_AMP13.pdb,OMPW_AMP13.JPG,0.111,14.44244,-5.1,1.20E-03,0.1
264,OMPW_AMP14.pdb,OMPW_AMP14.JPG,0.473,14.39781,-5,3.70E-05,-1.94
265,OMPW_AMP15.pdb,OMPW_AMP15.JPG,0.212,17.49594,-5,3.00E-07,-2.4
266,OMPW_AMP16.pdb,OMPW_AMP16.JPG,0.177,18.57764,-10.2,,0.1
267,OMPW_AMP17.pdb,OMPW_AMP17.JPG,0.157,20.81034,-5,4.30E-04,-1.28
268,OMPW_AMP18.pdb,OMPW_AMP18.JPG,0.159,19.80837,-6.2,2.50E-05,-0.38
269,OMPW_AMP19.pdb,OMPW_AMP19.JPG,0.257,20.15026,-4.6,3.60E-04,-2.22
270,OMPW_AMP20.pdb,OMPW_AMP20.JPG,0.152,15.51794,-8.4,,-0.81
271,OMPW_AMP21.pdb,OMPW_AMP21.JPG,0.087,13.27165,-5.8,,-0.93
272,OMPW_AMP22.pdb,OMPW_AMP22.JPG,0.234,15.15868,-6.7,2.10E-04,-3.61
273,OMPW_AMP23.pdb,OMPW_AMP23.JPG,0.137,12.51193,-4,2.70E-04,-1.33
274,OMPW_AMP24.pdb,OMPW_AMP24.JPG,0.098,13.75789,,1.20E-04,-5.61
275,OMPW_AMP25.pdb,OMPW_AMP25.JPG,0.218,11.8193,-5.2,,-2.14
276,OMPW_AMP26.pdb,OMPW_AMP26.JPG,0.053,13.88724,-5.1,2.20E-04,-4.14
277,OMPW_AMP27.pdb,OMPW_AMP27.JPG,0.082,13.20274,-5.7,1.10E-05,0.1
278,OMPW_AMP28.pdb,OMPW_AMP28.JPG,0.25,12.32674,-6.1,3.90E-05,-0.41
279,OMPW_AMP29.pdb,OMPW_AMP29.JPG,0.282,20.98468,-7.7,1.60E-03,0.1
280,OMPW_AMP30.pdb,OMPW_AMP30.JPG,0.117,12.65587,-6.1,,-3.46
281,OMPW_AMP31.pdb,OMPW_AMP31.JPG,0.321,9.22705,-7.6,2.10E-04,
282,OMPW_AMP32.pdb,OMPW_AMP32.JPG,0.149,15.07522,-9.5,2.90E-04,
283,OMPW_AMP33.pdb,OMPW_AMP33.JPG,6.279,13.18694,-6.5,5.40E-04,
284,OMPW_AMP34.pdb,OMPW_AMP34.JPG,0.565,14.06807,-4.3,5.70E-05,
285,OMPW_AMP35.pdb,OMPW_AMP35.JPG,1.6,16.59621,-11.1,,
286,OMPW_AMP36.pdb,OMPW_AMP36.JPG,4.774,13.62717,-9.8,2.90E-04,
287,OMPW_AMP37.pdb,OMPW_AMP37.JPG,2.677,8.63942,-5,7.30E-04,
288,OMPW_AMP38.pdb,OMPW_AMP38.JPG,1.641,12.69611,-4.9,,
289,OMPW_AMP39.pdb,OMPW_AMP39.JPG,1.815,14.7786,-6.4,5.50E-06,
290,OMPW_AMP40.pdb,OMPW_AMP40.JPG,2.171,15.94765,-7,2.50E-07,
291,OMPW_AMP41.pdb,OMPW_AMP41.JPG,0.443,12.34684,-5.1,8.90E-06,
292,OMPW_AMP42.pdb,OMPW_AMP42.JPG,0.865,10.55775,-8.9,6.10E-04,
293,OMPW_AMP43.pdb,OMPW_AMP43.JPG,0.056,10.45246,-7.2,3.70E-05,
294,OMPW_AMP44.pdb,OMPW_AMP44.JPG,2.167,11.28277,-4.9,7.50E-05,
295,OMPW_AMP45.pdb,OMPW_AMP45.JPG,0.376,18.27138,-7.1,1.40E-03,
296,OMPW_AMP46.pdb,OMPW_AMP46.JPG,1.619,10.52641,-5.2,,
297,OMPW_AMP47.pdb,OMPW_AMP47.JPG,1.636,17.64271,-5.9,,
298,OMPW_AMP48.pdb,OMPW_AMP48.JPG,0.478,14.2362,-4.3,3.70E-04,
299,OMPW_AMP49.pdb,OMPW_AMP49.JPG,0.432,10.25594,-6.8,4.30E-04,
300,OMPW_AMP50.pdb,OMPW_AMP50.JPG,1.371,12.55772,,6.60E-04,
301,OMPW_AMP51.pdb,OMPW_AMP51.JPG,1.752,17.78461,-4,2.00E-04,
302,OMPW_AMP52.pdb,OMPW_AMP52.JPG,1.486,12.31587,-8.4,1.00E-04,
303,OMPW_AMP53.pdb,OMPW_AMP53.JPG,0.394,13.78913,-4,3.00E-04,
304,OMPW_AMP54.pdb,OMPW_AMP54.JPG,0.329,12.99359,-6,1.90E-04,
305,OMPW_AMP55.pdb,OMPW_AMP55.JPG,0.464,19.75029,-8.9,1.10E-04,
306,OMPW_AMP56.pdb,OMPW_AMP56.JPG,0.7,11.38739,,1.40E-04,
307,OMPW_AMP57.pdb,OMPW_AMP57.JPG,0.55,16.6055,-4.6,5.70E-04,
308,OMPW_AMP58.pdb,OMPW_AMP58.JPG,1.114,17.476,-6.3,2.50E-04,
309,OMPW_AMP59.pdb,OMPW_AMP59.JPG,3.985,17.51657,-4.7,6.50E-04,
310,OMPW_AMP60.pdb,OMPW_AMP60.JPG,3.684,17.51657,,,
311,OMPW_AMP61.pdb,OMPW_AMP61.JPG,1.393,17.77867,,2.70E-05,
312,OMPW_AMP62.pdb,OMPW_AMP62.JPG,0.943,16.429,-5,8.80E-05,
313,OMPW_AMP63.pdb,OMPW_AMP63.JPG,3.418,18.47431,-4.9,4.10E-05,
314,OMPW_AMP64.pdb,OMPW_AMP64.JPG,1.691,14.85718,-5.4,3.50E-04,
315,OMPW_AMP65.pdb,OMPW_AMP65.JPG,4.576,11.96465,,4.00E-07,
316,OMPW_AMP66.pdb,OMPW_AMP66.JPG,0.268,16.17546,-5,3.30E-04,
317,OMPW_AMP67.pdb,OMPW_AMP67.JPG,0.237,12.40843,-6.8,7.80E-04,
318,OMPW_AMP68.pdb,OMPW_AMP68.JPG,0.353,13.65136,-6,5.10E-05,
319,OMPW_AMP69.pdb,OMPW_AMP69.JPG,1.359,11.4787,-3.8,8.30E-04,
320,OMPW_AMP70.pdb,OMPW_AMP70.JPG,0.251,20.50662,,1.60E-04,
321,OMPW_AMP71.pdb,OMPW_AMP71.JPG,0.401,13.65911,-5,7.80E-06,
322,OMPW_AMP72.pdb,OMPW_AMP72.JPG,0.869,8.90021,-4.8,1.00E-05,
323,OMPW_AMP73.pdb,OMPW_AMP73.JPG,0.097,19.1558,-4.5,2.40E-06,
324,OMPW_AMP74.pdb,OMPW_AMP74.JPG,0.198,16.13828,-5.8,1.80E-05,
325,OMPW_AMP75.pdb,OMPW_AMP75.JPG,1.496,11.5254,,2.30E-04,
326,OMPW_AMP76.pdb,OMPW_AMP76.JPG,0.736,13.84872,-4.8,9.10E-05,
327,OMPW_AMP77.pdb,OMPW_AMP77.JPG,2.661,10.34692,-4.3,,
328,OMPW_AMP78.pdb,OMPW_AMP78.JPG,1.907,9.27776,,2.20E-04,
329,OMPW_AMP79.pdb,OMPW_AMP79.JPG,0.31,15.68814,-7.2,1.90E-06,
330,OMPW_AMP80.pdb,OMPW_AMP80.JPG,0.631,13.60218,-9,3.10E-04,
331,OMPW_AMP81.pdb,OMPW_AMP81.JPG,7.8,11.05962,-6.9,1.50E-05,
332,OMPW_AMP82.pdb,OMPW_AMP82.JPG,2.87,14.84593,-4.4,2.20E-04,
333,OMPW_AMP83.pdb,OMPW_AMP83.JPG,0.774,11.38946,-6,6.90E-04,
334,OMPW_AMP84.pdb,OMPW_AMP84.JPG,0.983,14.53227,-5.6,5.70E-05,
335,OMPW_AMP85.pdb,OMPW_AMP85.JPG,1.23,12.66283,-3.9,1.40E-04,
336,OMPW_AMP86.pdb,OMPW_AMP86.JPG,1.242,12.92341,,3.10E-04,
337,OMPW_AMP87.pdb,OMPW_AMP87.JPG,0.241,11.82984,,8.80E-04,
338,OMPW_AMP88.pdb,OMPW_AMP88.JPG,3.76,15.38885,-4.7,,
339,OMPW_AMP89.pdb,OMPW_AMP89.JPG,1.32,15.72358,-4.6,3.10E-05,
340,OMPW_AMP90.pdb,OMPW_AMP90.JPG,0.565,14.60279,-4.3,8.10E-04,
341,OMPW_AMP91.pdb,OMPW_AMP91.JPG,0.453,11.59581,-5,1.10E-04,
342,OMPW_AMP92.pdb,OMPW_AMP92.JPG,3.55,12.38341,-5.5,1.00E-04,
343,OMPW_AMP93.pdb,OMPW_AMP93.JPG,0.771,14.56961,-4.8,,
344,OMPW_AMP94.pdb,OMPW_AMP94.JPG,0.736,13.86308,-5.1,,
345,OMPW_AMP95.pdb,OMPW_AMP95.JPG,0.811,18.53053,-5.4,,
346,OMPW_AMP96.pdb,OMPW_AMP96.JPG,0.958,11.09058,-5.2,3.70E-04,
347,OMPW_AMP97.pdb,OMPW_AMP97.JPG,4.726,13.86966,-4.4,1.20E-04,
348,OMPW_AMP98.pdb,OMPW_AMP98.JPG,0.841,12.58773,-4.9,,
349,OMPW_AMP99.pdb,OMPW_AMP99.JPG,4.226,13.3847,-4.3,4.70E-06,
350,OMPW_AMP100.pdb,OMPW_AMP100.JPG,0.247,10.34468,,,
351,OMPW_AMP101.pdb,OMPW_AMP101.JPG,0.386,11.05518,-6.2,4.00E-04,
352,OMPW_AMP102.pdb,OMPW_AMP102.JPG,0.89,16.77838,-5.5,2.80E-05,
353,OMPW_AMP103.pdb,OMPW_AMP103.JPG,0.602,13.96149,-6,2.80E-05,
354,OMPW_AMP104.pdb,OMPW_AMP104.JPG,2.923,15.43083,-4.7,,
355,OMPW_AMP105.pdb,OMPW_AMP105.JPG,3.693,15.11935,-8.7,3.00E-04,
356,OMPW_AMP106.pdb,OMPW_AMP106.JPG,0.842,16.92697,-4.7,,
357,OMPW_AMP107.pdb,OMPW_AMP107.JPG,0.81,9.3735,-4.2,,
358,OMPW_AMP108.pdb,OMPW_AMP108.JPG,0.251,13.18913,-5.9,9.80E-04,
359,OMPW_AMP109.pdb,OMPW_AMP109.JPG,0.407,17.87052,-4.2,2.50E-05,
360,OMPW_AMP110.pdb,OMPW_AMP110.JPG,5.23,15.82515,-5.2,3.00E-07,
361,OMPW_AMP111.pdb,OMPW_AMP111.JPG,0.894,22.9442,-7,2.00E-05,
362,OMPW_AMP112.pdb,OMPW_AMP112.JPG,0.196,15.31544,-6.8,4.00E-05,
363,OMPW_AMP113.pdb,OMPW_AMP113.JPG,0.053,11.82034,-7.7,8.00E-06,
364,OMPW_AMP114.pdb,OMPW_AMP114.JPG,0.622,17.43901,-6.5,6.00E-05,
365,OMPW_AMP115.pdb,OMPW_AMP115.JPG,0.731,10.13493,-4.9,9.70E-04,
366,OMPW_AMP116.pdb,OMPW_AMP116.JPG,0.881,15.02524,-5.5,1.00E-04,
367,OMPW_AMP117.pdb,OMPW_AMP117.JPG,0.547,13.01975,,7.90E-04,
368,OMPW_AMP118.pdb,OMPW_AMP118.JPG,0.611,14.79751,-5,1.60E-04,
369,OMPW_AMP119.pdb,OMPW_AMP119.JPG,0.198,8.85836,-7.8,5.10E-05,
370,OMPW_AMP120.pdb,OMPW_AMP120.JPG,0.725,12.93552,-4.8,2.90E-04,
371,OMPW_AMP121.pdb,OMPW_AMP121.JPG,0.22,17.33071,-6.6,1.20E-04,
372,OMPW_AMP122.pdb,OMPW_AMP122.JPG,0.55,14.41465,-5,1.50E-04,
373,OMPW_AMP123.pdb,OMPW_AMP123.JPG,0.589,16.81669,-4.3,9.60E-04,
374,OMPW_AMP124.pdb,OMPW_AMP124.JPG,0.739,13.37816,-5.8,,
375,OMPW_AMP125.pdb,OMPW_AMP125.JPG,0.375,16.97069,-5.3,,
376,OMPW_AMP126.pdb,OMPW_AMP126.JPG,0.304,12.71783,-4.8,2.10E-06,
377,OMPW_AMP127.pdb,OMPW_AMP127.JPG,0.529,17.12741,-4.2,4.00E-06,
378,OMPW_AMP128.pdb,OMPW_AMP128.JPG,0.911,13.11268,,6.30E-04,
379,OMPW_AMP129.pdb,OMPW_AMP129.JPG,0.217,9.17519,-6.2,1.40E-08,
380,OMPW_AMP130.pdb,OMPW_AMP130.JPG,0.799,12.46852,-4.2,9.10E-07,
381,OMPW_AMP131.pdb,OMPW_AMP131.JPG,0.983,19.21987,-5.4,,
382,OMPW_AMP132.pdb,OMPW_AMP132.JPG,0.468,24.12589,-5.5,,
383,OMPW_AMP133.pdb,OMPW_AMP133.JPG,0.171,22.4701,,9.30E-04,
384,OMPW_AMP134.pdb,OMPW_AMP134.JPG,1.785,8.74762,,3.10E-05,
385,OMPW_AMP135.pdb,OMPW_AMP135.JPG,2.864,22.3772,,4.00E-04,
386,OMPW_AMP136.pdb,OMPW_AMP136.JPG,1.176,11.74055,-4.7,5.00E-04,
387,OMPW_AMP137.pdb,OMPW_AMP137.JPG,0.543,17.61909,-5.3,5.30E-04,
388,OMPW_AMP138.pdb,OMPW_AMP138.JPG,0.701,12.27839,,1.60E-04,
389,OMPW_AMP139.pdb,OMPW_AMP139.JPG,0.899,15.83501,-7.3,1.10E-04,
390,OMPW_AMP140.pdb,OMPW_AMP140.JPG,0.619,13.90649,,8.90E-05,
391,OMPW_AMP141.pdb,OMPW_AMP141.JPG,1.077,12.49297,-4.6,3.00E-04,
392,OMPW_AMP142.pdb,OMPW_AMP142.JPG,0.59,14.39286,-6.2,1.90E-04,
393,OMPW_AMP143.pdb,OMPW_AMP143.JPG,0.253,17.16525,-6.2,1.30E-03,
394,OMPW_AMP144.pdb,OMPW_AMP144.JPG,0.287,13.78387,,1.20E-03,
395,OMPW_AMP145.pdb,OMPW_AMP145.JPG,3.885,11.76901,-4.8,4.40E-04,
396,OMPW_AMP146.pdb,OMPW_AMP146.JPG,1.144,11.78261,,1.20E-04,
397,OMPW_AMP147.pdb,OMPW_AMP147.JPG,3.701,11.5578,,1.70E-04,
398,OMPW_AMP148.pdb,OMPW_AMP148.JPG,4.15,10.9449,-4.1,7.60E-04,
399,OMPW_AMP149.pdb,OMPW_AMP149.JPG,1.028,11.3387,-6.3,1.80E-04,
400,OMPW_AMP150.pdb,OMPW_AMP150.JPG,0.285,12.76922,-8.9,1.40E-04,
401,OMPW_AMP151.pdb,OMPW_AMP151.JPG,0.171,17.13008,-6.4,7.50E-07,
402,OMPW_AMP152.pdb,OMPW_AMP152.JPG,0.336,12.2838,-6,1.40E-03,
403,OMPW_AMP153.pdb,OMPW_AMP153.JPG,0.781,11.92682,-6.9,3.30E-04,
404,OMPW_AMP154.pdb,OMPW_AMP154.JPG,3.395,9.23561,-5.8,2.90E-04,
405,OMPW_AMP155.pdb,OMPW_AMP155.JPG,2.776,8.7732,-4.1,5.70E-04,
406,OMPW_AMP156.pdb,OMPW_AMP156.JPG,3.656,12.51409,-5.4,4.10E-04,
407,OMPW_AMP157.pdb,OMPW_AMP157.JPG,2.08,14.27274,-4.2,2.70E-04,
408,OMPW_AMP158.pdb,OMPW_AMP158.JPG,1.073,9.91482,-3.2,4.30E-03,
409,OMPW_AMP159.pdb,OMPW_AMP159.JPG,0.196,12.48684,-2.9,7.60E-03,
410,OMPW_AMP160.pdb,OMPW_AMP160.JPG,2.72,15.44918,-4,1.20E-03,
411,OMPW_AMP161.pdb,OMPW_AMP161.JPG,0.479,14.29077,-3.1,5.20E-03,
412,OMPW_AMP162.pdb,OMPW_AMP162.JPG,0.229,18.53234,-5.2,1.60E-04,
413,OMPW_AMP163.pdb,OMPW_AMP163.JPG,0.214,10.72026,-5.1,2.00E-04,
414,OMPW_AMP164.pdb,OMPW_AMP164.JPG,2.95,9.31087,-3.5,2.70E-03,
415,OMPW_AMP165.pdb,OMPW_AMP165.JPG,0.367,13.90875,-3.1,5.70E-03,
416,OMPW_AMP166.pdb,OMPW_AMP166.JPG,0.366,13.71423,-4.4,5.70E-04,
417,OMPW_AMP167.pdb,OMPW_AMP167.JPG,0.897,10.81789,-4.1,1.10E-03,
418,OMPW_AMP168.pdb,OMPW_AMP168.JPG,0.198,10.78297,-3.9,1.50E-03,
419,OMPW_AMP169.pdb,OMPW_AMP169.JPG,1.865,10.1283,-3.4,3.00E-03,
420,OMPW_AMP170.pdb,OMPW_AMP170.JPG,3.55,17.87548,-4.2,8.30E-04,
421,OMPW_AMP171.pdb,OMPW_AMP171.JPG,0.363,13.68319,-4.9,2.50E-04,
422,OMPW_AMP172.pdb,OMPW_AMP172.JPG,0.858,12.8306,-4.1,1.00E-03,
423,OMPW_AMP173.pdb,OMPW_AMP173.JPG,0.997,16.77648,-5.5,9.80E-05,
424,OMPW_AMP174.pdb,OMPW_AMP174.JPG,2.524,14.06964,-5.5,9.50E-05,
425,OMPW_AMP175.pdb,OMPW_AMP175.JPG,3.32,18.73746,-5.5,9.50E-05,
426,OMPW_AMP176.pdb,OMPW_AMP176.JPG,0.696,13.37478,-3.1,5.80E-03,
427,OMPW_AMP177.pdb,OMPW_AMP177.JPG,2.424,17.80344,-3.7,1.80E-03,
428,OMPW_AMP178.pdb,OMPW_AMP178.JPG,0.385,14.3645,-5,2.00E-04,
429,OMPW_AMP179.pdb,OMPW_AMP179.JPG,0.547,11.31802,-5.6,8.20E-05,
430,OMPW_AMP180.pdb,OMPW_AMP180.JPG,0.597,14.80919,-4.4,5.90E-04,
431,OMPW_AMP181.pdb,OMPW_AMP181.JPG,0.612,11.64396,,,
432,OMPW_AMP182.pdb,OMPW_AMP182.JPG,0.391,18.27103,-3.9,1.30E-03,
433,OMPW_AMP183.pdb,OMPW_AMP183.JPG,0.419,17.24857,-6.4,2.10E-05,
434,OMPW_AMP184.pdb,OMPW_AMP184.JPG,0.958,18.39789,-4.7,3.60E-04,
435,OMPW_AMP185.pdb,OMPW_AMP185.JPG,0.518,16.64073,-3.8,1.60E-03,
436,OMPW_AMP186.pdb,OMPW_AMP186.JPG,0.177,16.99772,-3.3,3.50E-03,
437,OMPW_AMP187.pdb,OMPW_AMP187.JPG,3.235,13.19251,-4,1.10E-03,
438,OMPW_AMP188.pdb,OMPW_AMP188.JPG,1.925,12.077,-6.4,1.90E-05,
439,OMPW_AMP189.pdb,OMPW_AMP189.JPG,0.549,22.94137,-3.6,2.20E-03,
440,OMPW_AMP190.pdb,OMPW_AMP190.JPG,0.811,16.20099,-3.3,4.00E-03,
441,OMPW_AMP191.pdb,OMPW_AMP191.JPG,0.235,17.83428,-3.4,3.20E-03,
442,OMPW_AMP192.pdb,OMPW_AMP192.JPG,0.075,13.51166,-4.4,6.20E-04,
443,OMPW_AMP193.pdb,OMPW_AMP193.JPG,2.815,16.52136,,,
444,OMPW_AMP194.pdb,OMPW_AMP194.JPG,0.218,12.43934,-4.6,4.20E-04,
445,OMPW_AMP195.pdb,OMPW_AMP195.JPG,0.299,12.06921,-3.4,3.00E-03,
446,OMPW_AMP196.pdb,OMPW_AMP196.JPG,1.131,9.25803,-3.6,2.30E-03,
447,OMPW_AMP197.pdb,OMPW_AMP197.JPG,1.323,12.0508,-6.7,1.20E-05,
448,OMPW_AMP198.pdb,OMPW_AMP198.JPG,0.547,11.88158,-2.7,9.60E-03,
449,OMPW_AMP199.pdb,OMPW_AMP199.JPG,0.563,14.12695,-3.6,2.40E-03,
450,OMPW_AMP200.pdb,OMPW_AMP200.JPG,2.635,8.51129,-4,1.20E-03,
451,OMPW_AMP201.pdb,OMPW_AMP201.JPG,0.488,15.62569,-2.7,9.60E-03,
452,OMPW_AMP202.pdb,OMPW_AMP202.JPG,0.287,12.65608,-4.8,3.20E-04,
453,OMPW_AMP203.pdb,OMPW_AMP203.JPG,2.705,11.59004,-4,1.10E-03,
454,OMPW_AMP204.pdb,OMPW_AMP204.JPG,0.445,16.08806,-3.5,2.80E-03,
455,OMPW_AMP205.pdb,OMPW_AMP205.JPG,0.41,12.73757,-4,1.10E-03,
456,OMPW_AMP206.pdb,OMPW_AMP206.JPG,0.258,21.43186,-4.6,4.30E-04,
457,OMPW_AMP207.pdb,OMPW_AMP207.JPG,0.451,13.9731,-4.7,3.70E-04,
458,OMPW_AMP208.pdb,OMPW_AMP208.JPG,0.098,18.35288,-3.4,3.00E-03,
459,OMPW_AMP209.pdb,OMPW_AMP209.JPG,0.28,13.46246,-3.9,1.30E-03,
460,OMPW_AMP210.pdb,OMPW_AMP210.JPG,3.567,11.91851,-5.5,8.50E-05,
461,OMPW_AMP211.pdb,OMPW_AMP211.JPG,1.33,10.36009,-5.7,6.60E-05,
462,OMPW_AMP212.pdb,OMPW_AMP212.JPG,0.362,13.61207,-5.4,1.10E-04,
463,OMPW_AMP213.pdb,OMPW_AMP213.JPG,0.652,12.56727,-6.2,2.90E-05,
464,OMPW_AMP214.pdb,OMPW_AMP214.JPG,0.387,12.63509,-3.7,1.90E-03,
465,OMPW_AMP215.pdb,OMPW_AMP215.JPG,3.579,19.07473,-3.1,4.90E-03,
466,OMPW_AMP216.pdb,OMPW_AMP216.JPG,0.141,13.94493,-4.3,7.00E-04,
467,OMPW_AMP217.pdb,OMPW_AMP217.JPG,1.256,16.44496,-4.5,5.30E-04,
468,OMPW_AMP218.pdb,OMPW_AMP218.JPG,1.381,13.14517,-5.2,1.60E-04,
469,OMPW_AMP219.pdb,OMPW_AMP219.JPG,3.64,14.19021,-3.7,1.90E-03,
470,OMPW_AMP220.pdb,OMPW_AMP220.JPG,1.963,11.70912,-3.1,5.30E-03,
471,OMPW_AMP221.pdb,OMPW_AMP221.JPG,0.745,13.12848,-5.1,2.00E-04,
472,OMPW_AMP222.pdb,OMPW_AMP222.JPG,0.506,22.29317,-5.3,1.40E-04,
473,OMPW_AMP223.pdb,OMPW_AMP223.JPG,0.536,17.04896,-5.4,1.10E-04,
474,OMPW_AMP224.pdb,OMPW_AMP224.JPG,0.272,12.89909,-3.7,1.90E-03,
475,OMPW_AMP225.pdb,OMPW_AMP225.JPG,0.184,12.46959,-4.7,3.30E-04,
476,OMPW_AMP226.pdb,OMPW_AMP226.JPG,0.297,12.77693,-3.5,2.80E-03,
477,OMPW_AMP227.pdb,OMPW_AMP227.JPG,0.926,12.24195,-5.1,1.70E-04,
478,OMPW_AMP228.pdb,OMPW_AMP228.JPG,0.441,11.77428,-5.2,1.50E-04,
479,OMPW_AMP229.pdb,OMPW_AMP229.JPG,0.114,13.19558,-3.5,2.60E-03,
480,OMPW_AMP230.pdb,OMPW_AMP230.JPG,0.51,11.71279,-3.4,3.20E-03,
481,OMPW_AMP231.pdb,OMPW_AMP231.JPG,2.1,11.58199,-4.4,5.90E-04,
482,OMPW_AMP232.pdb,OMPW_AMP232.JPG,0.419,16.20099,-3.7,1.90E-03,
483,OMPW_AMP233.pdb,OMPW_AMP233.JPG,0.958,17.83428,-5.4,1.10E-04,
484,OMPW_AMP234.pdb,OMPW_AMP234.JPG,0.518,13.51166,-4,1.10E-03,
485,OMPW_AMP235.pdb,OMPW_AMP235.JPG,0.177,16.52136,-3.9,1.30E-03,
486,OMPW_AMP236.pdb,OMPW_AMP236.JPG,3.235,12.43934,-3.1,5.20E-03,
487,OMPW_AMP237.pdb,OMPW_AMP237.JPG,1.925,12.06921,-5.6,8.10E-05,
488,OMPW_AMP238.pdb,OMPW_AMP238.JPG,0.549,9.25803,-5.7,6.50E-05,
489,OMPW_AMP239.pdb,OMPW_AMP239.JPG,0.811,12.0508,-4.8,2.90E-04,
490,OMPW_AMP240.pdb,OMPW_AMP240.JPG,0.235,11.88158,-4.7,3.50E-04,
491,OMPW_AMP241.pdb,OMPW_AMP241.JPG,0.075,14.12695,-4,1.20E-03,
492,OMPW_AMP242.pdb,OMPW_AMP242.JPG,2.815,8.51129,-5.8,5.90E-05,
493,OMPW_AMP243.pdb,OMPW_AMP243.JPG,0.218,15.62569,-2.8,9.20E-03,
494,OMPW_AMP244.pdb,OMPW_AMP244.JPG,0.299,12.65608,-4.3,6.80E-04,
495,OMPW_AMP245.pdb,OMPW_AMP245.JPG,1.131,11.59004,-4.7,3.90E-04,
496,OMPW_AMP246.pdb,OMPW_AMP246.JPG,1.323,16.08806,-5.4,1.10E-04,
497,OMPW_AMP247.pdb,OMPW_AMP247.JPG,0.547,12.73757,-4,1.20E-03,
498,OMPW_AMP248.pdb,OMPW_AMP248.JPG,0.563,21.43186,-4.2,7.90E-04,
499,OMPW_AMP249.pdb,OMPW_AMP249.JPG,2.635,13.9731,-5.6,7.20E-05,
500,OMPW_AMP250.pdb,OMPW_AMP250.JPG,0.488,18.35288,-5.8,5.40E-05,
