1,AbAMPS1,Pexiganan-D,GIGKICKKAKKPGKAKIKIPKK,6,8,6,N/A,12,10,10,10,N/A,27,36,27,N/A,54,45,45,45,N/A,2363,22,9,11,80,-22,1.277272727,-0.877272727,0.718161823,Non-Toxin,0.44,9,AbAMPS1.pdb
2,AbAMPS2,Temporin A,ICPPIGRKKSGIP,4,7,3,N/A,9,4,3,3,N/A,30,53,23,N/A,69,30,23,23,N/A,1365,13,2,10,90,30,0.884615385,-0.207692308,0.281646082,Non-Toxin,0.42,7,AbAMPS2.pdb
3,AbAMPS3,Cec4D1,GKPKKIGKKICRIGQPTRIATIQAIGCAQQAAKKAATPKG,17,20,13,N/A,23,17,10,10,N/A,42,50,32,N/A,57,42,25,25,N/A,4131,40,9,11,76,6,1.3665,-0.4625,0.876385353,Non-Toxin,0.28,9,AbAMPS3.pdb
4,AbAMPS4,Cec4D2,GCKKKIGKKIPRIGQPTRKATIQAIGCAQQAAKPAATCKG,18,21,12,N/A,23,17,10,10,N/A,45,52,30,N/A,57,42,25,25,N/A,4120,40,9,11,66,11,1.4575,-0.5125,0.87853335,Non-Toxin,0.28,8,AbAMPS4.pdb
5,AbAMPS5,Cec4D3,GICKKIGKKIIRCGQCTRPATIQAIGPAQQAAPCAATKKG,19,22,13,N/A,25,15,8,8,N/A,47,55,32,N/A,62,37,20,20,N/A,4080,40,7,10,76,27,1.025,-0.1425,0.850830197,Non-Toxin,0.3,9,AbAMPS5.pdb
6,AbAMPS6,Cec4D4,GICKKIGKKIIRCGQCTRPATIQAIGPAQQAAPCAATKKG,19,22,13,N/A,25,15,8,8,N/A,47,55,32,N/A,62,37,20,20,N/A,4080,40,7,10,76,27,1.025,-0.1425,0.850830197,Non-Toxin,0.3,9,AbAMPS6.pdb
7,AbAMPS7,Cec4-7D1,GCKKKIGKKICRVGQITRCATIQAIGKAQQAAPKAATPKG,18,21,13,N/A,23,17,10,10,N/A,45,52,32,N/A,57,42,25,25,N/A,4123,40,9,11,73,6,1.3565,-0.3675,0.864135467,Non-Toxin,0.27,9,AbAMPS7.pdb
8,AbAMPS8,Cec4-8D1,GCCKKIGKKIPRKGQPTRIATIQKIGIAQQAAPIAATCKG,17,20,13,N/A,24,16,9,9,N/A,42,50,32,N/A,60,40,22,22,N/A,4148,40,8,11,83,6,1.118,-0.235,0.816056586,Non-Toxin,0.29,6,AbAMPS8.pdb
9,AbAMPS9,Cec4-8D2,GKPKKIGKKIKRPGQKTRCATIQPIGCAQQAACIAATPKG,17,21,11,N/A,23,17,10,10,N/A,42,52,27,N/A,57,42,25,25,N/A,4147,40,9,11,63,28,1.50275,-0.5975,0.846832012,Non-Toxin,0.27,9,AbAMPS9.pdb
10,AbAMPS10,Cec4-8D3,GKIKKIGKKIIRCGQITRPATIQIIGKAQQAAKPAATIKG,15,17,15,N/A,23,17,10,10,N/A,37,42,37,N/A,57,42,25,25,N/A,4199,40,9,11,102,8,1.07475,-0.1925,0.942584256,Non-Toxin,0.35,8,AbAMPS10.pdb
11,AbAMPS11,FITC-Cec4D1,GPIKKIGKKICRKGQITRPATIQAIGCAQQAAKKAATIKG,17,19,14,N/A,23,17,10,10,N/A,42,47,35,N/A,57,42,25,25,N/A,4147,40,9,11,85,9,1.2435,-0.31,0.911788595,Non-Toxin,0.3,9,AbAMPS11.pdb
12,AbAMPS12,FITC-Cec4D2,GIPKKIGKKIKRCGQCTRKATIQAIGKAQQAACKAATPKG,18,20,12,N/A,22,18,11,11,N/A,45,50,30,N/A,55,45,27,27,N/A,4152,40,10,11,66,24,1.59625,-0.57,0.855016207,Non-Toxin,0.3,9,AbAMPS12.pdb
13,AbAMPS13,FITC-Cec4D3,GCKKKIGKKIIRCGQKTRCATIQAIGPAQQAAPPAATIKG,18,21,13,N/A,24,16,9,9,N/A,45,52,32,N/A,60,40,22,22,N/A,4105,40,8,11,76,23,1.19575,-0.3025,0.850830197,Non-Toxin,0.28,9,AbAMPS13.pdb
14,AbAMPS14,FITC-Cec4D4,GCIKKIGKKICRPGQITRPATIQAIGCAQQAAPCAATIKG,19,22,14,N/A,26,14,7,7,N/A,47,55,35,N/A,65,35,17,17,N/A,4065,40,6,10,85,19,0.76325,0.0675,0.915514608,Non-Toxin,0.33,9,AbAMPS14.pdb
15,AbAMPS15,Human KS-30 (Cathelicidin)D1,KSKCKIGKCKKRIIQRIKIPCRICKPRTKS,8,10,6,N/A,13,17,13,13,N/A,26,33,20,N/A,43,56,43,43,N/A,3542,30,12,11,78,1,2.965333333,-0.85,0.699839258,Non-Toxin,0.42,9,AbAMPS15.pdb
16,AbAMPS16,Human KS-30 (Cathelicidin)D2,KSKKKIGKKIKRIPQRIKCIKRPCKPRTPS,6,10,5,N/A,12,18,14,14,N/A,20,33,16,N/A,40,60,46,46,N/A,3545,30,13,12,65,25,3.399666667,-1.403333333,0.905162714,Non-Toxin,0.4,9,AbAMPS16.pdb
17,AbAMPS17,Human KR-20 (Cathelicidin),KRIKQRIKCKPRPICPRTIS,4,7,4,N/A,9,11,8,8,N/A,20,35,20,N/A,45,55,40,40,N/A,2422,20,7,12,78,37,3.5575,-1.02,0.557644177,Non-Toxin,0.4,6,AbAMPS17.pdb
18,AbAMPS18,KR-12 ( Cathelicidin)D1,KRIKQRIKCPKR,1,2,2,N/A,4,8,7,7,N/A,8,16,16,N/A,33,66,58,58,N/A,1553,12,6,12,65,85,5.115,-1.891666667,0.570695067,Non-Toxin,0.42,3,AbAMPS18.pdb
19,AbAMPS19,KR-12 ( Cathelicidin)D2,KRIIQRIKKIPR,1,1,4,N/A,5,7,6,6,N/A,1,8,33,N/A,41,58,50,50,N/A,1548,12,5,12,130,13,3.939166667,-1.025,0.97289486,Non-Toxin,0.54,2,AbAMPS19.pdb
20,AbAMPS20,KR-12 ( Cathelicidin)D3,KRICQRIKCKIR,2,2,3,N/A,5,7,6,6,N/A,16,16,25,N/A,41,58,50,50,N/A,1544,12,5,11,97,15,4.135833333,-0.85,0.752917568,Non-Toxin,0.47,5,AbAMPS20.pdb
21,AbAMPS21,SAAP-148,IPRPCKRIIKPCKRKCRQCKKPKR,4,8,3,N/A,11,13,12,12,N/A,16,33,12,N/A,45,54,50,50,N/A,2964,24,11,11,48,42,4.129583333,-1.508333333,0.906519703,Non-Toxin,0.43,9,AbAMPS21.pdb
22,AbAMPS22,AM-CATH36D1,GKCKKPRRKIKKGIKKICKRKPPIGPGISIPCAGKR,10,15,7,N/A,20,16,15,15,N/A,27,41,19,N/A,55,44,41,41,N/A,3970,36,14,11,67,18,2.340555556,-0.983333333,0.930431354,Non-Toxin,0.38,9,AbAMPS22.pdb
23,AbAMPS23,AM-CATH36D2,KIKKGCKKIPKRKPPIGCGPSIPIAGKR,8,13,6,N/A,17,11,10,10,N/A,28,46,21,N/A,60,39,35,35,N/A,2999,28,9,11,73,26,1.603928571,-0.760714286,0.772131383,Non-Toxin,0.4,9,AbAMPS23.pdb
24,AbAMPS24,AM-CATH36D3,KIKKGIKKIKKRCPPIGPGCSIPKAGKR,8,12,6,N/A,16,12,11,11,N/A,28,42,21,N/A,57,42,39,39,N/A,3030,28,10,11,73,21,1.802142857,-0.842857143,0.824082789,Non-Toxin,0.4,9,AbAMPS24.pdb
25,AbAMPS25,AM-CATH36D4,KIKKGKKKIIKRIPPIGKGISIPPAGKR,6,10,8,N/A,16,12,11,11,N/A,21,35,28,N/A,57,42,39,39,N/A,3050,28,10,12,101,21,1.542142857,-0.7,0.757296203,Non-Toxin,0.43,7,AbAMPS25.pdb
26,AbAMPS26,AM-CATH21D1,GKCKKIRRKIKKGIKKIKKRP,3,4,4,N/A,8,13,13,13,N/A,14,19,19,N/A,38,61,61,61,N/A,2535,21,12,12,74,25,3.686666667,-1.638095238,0.912042975,Non-Toxin,0.42,8,AbAMPS26.pdb
27,AbAMPS27,AM-CATH21D2,GPKKKCRRKIKKGKKKIIKRC,4,5,3,N/A,8,13,13,13,N/A,19,23,14,N/A,38,61,61,61,N/A,2525,21,12,11,55,28,3.86,-1.733333333,0.748195321,Non-Toxin,0.46,9,AbAMPS27.pdb
28,AbAMPS28,Cathelicidin-BFD1,KPIRKIKKSKKKRAKKKKPIPRCIGISIPP,5,10,7,N/A,14,16,14,14,N/A,16,33,23,N/A,46,53,46,46,N/A,3466,30,13,12,81,9,2.635333333,-1.17,0.684456209,Non-Toxin,0.43,8,AbAMPS28.pdb
29,AbAMPS29,Cathelicidin-BFD2,KCPRKIKKSIKKRAKKKCKPPRIIGISIPC,7,11,7,N/A,15,15,13,13,N/A,23,36,23,N/A,50,50,43,43,N/A,3447,30,12,11,81,11,2.365,-0.82,0.841394195,Non-Toxin,0.43,7,AbAMPS29.pdb
30,AbAMPS30,NA-CATHD1,KRCKKPIKKLKKSIKKRAKKCPKKPKIIGCTKPI,7,11,7,N/A,15,19,17,17,N/A,20,32,20,N/A,44,55,50,50,N/A,3946,34,16,11,71,24,2.439705882,-1.182352941,0.792657977,Non-Toxin,0.37,6,AbAMPS30.pdb
31,AbAMPS31,NA-CATHD2,KRCKKCPKKLKPSCKKRAKKPIKKPKKIGITPPC,8,14,5,N/A,16,18,16,16,N/A,23,41,14,N/A,47,52,47,47,N/A,3889,34,15,11,48,34,2.528235294,-1.352941176,0.674210856,Non-Toxin,0.4,9,AbAMPS31.pdb
32,AbAMPS32,NA-CATHD3,KRIKKKIKKLKISKKKRAKKKPKKPKCIGCTKPC,7,10,6,N/A,13,21,19,19,N/A,20,29,17,N/A,38,61,55,55,N/A,3992,34,18,11,60,14,2.910882353,-1.497058824,0.729265887,Non-Toxin,0.4,9,AbAMPS32.pdb
33,AbAMPS33,WAM1D1,KRGIGKKIRKRCKKCRPSIKKRPKPKCPIIPIPKPG,7,14,6,N/A,19,17,16,16,N/A,19,38,16,N/A,52,47,44,44,N/A,4135,36,15,12,65,40,2.8575,-1.225,0.650738016,Non-Toxin,0.43,8,AbAMPS33.pdb
34,AbAMPS34,WAM1D2,KRGCGKKPRKRKKKPRKSIKKRKKPKIICIPIPCPG,7,13,5,N/A,17,19,18,18,N/A,19,36,13,N/A,47,52,50,50,N/A,4181,36,17,12,54,18,3.3025,-1.522222222,0.401700379,Non-Toxin,0.43,8,AbAMPS34.pdb
35,AbAMPS35,Bactenecin,RKCRIPKIRPCR,2,4,2,N/A,6,6,6,6,N/A,16,33,16,N/A,50,50,50,50,N/A,1525,12,5,12,65,9,4.865,-1.25,0.153606022,Non-Toxin,0.45,9,AbAMPS35.pdb
36,AbAMPS36,HD5d5D1,ARARCRRGRAARRRRPRGCCRIRGRKRRIAAR,12,13,8,N/A,15,17,17,17,N/A,37,40,25,N/A,46,53,53,53,N/A,3875,32,16,12,43,105,6.7784375,-1.60625,0.483424262,Non-Toxin,0.4,5,AbAMPS36.pdb
37,AbAMPS37,HD5d5D2,ARARCRRGRAARRRRCRGICRIRGRPRRKAAR,12,13,8,N/A,15,17,17,17,N/A,37,40,25,N/A,46,53,53,53,N/A,3875,32,16,12,43,92,6.7784375,-1.60625,0.581101014,Non-Toxin,0.4,6,AbAMPS37.pdb
38,AbAMPS38,Magainin-2D1,GIGKKPCSAKKKGKAIKGCIPIS,10,12,6,N/A,14,9,7,7,N/A,43,52,26,N/A,60,39,30,30,N/A,2312,23,6,10,76,-20,0.696956522,-0.308695652,0.437024253,Non-Toxin,0.44,7,AbAMPS38.pdb
39,AbAMPS39,Magainin-2D2,GIGKICPSAKKPGKAPIGPIICS,10,14,7,N/A,17,6,4,4,N/A,43,60,30,N/A,73,26,17,17,N/A,2235,23,3,10,93,16,-0.240869565,0.256521739,0.568033415,Non-Toxin,0.44,3,AbAMPS39.pdb
