id,title,name,s,synthetic_Tiny,synthetic_Small,synthetic_Aliphtic,synthetic_Aromatic,synthetic_non_polar,synthetic_polar,synthetic_charged_aa,synthetic_basic,synthetic_acidic,synthetic_mol_weight_tiny,synthetic_mol_weight_small,synthetic_mol_weight_apliphatic,synthetic_mol_weight_aromatic,synthetic_mol_weight_non_polar,synthetic_mol_weight_polar,synthetic_mol_weight_charged,synthetic_mol_weight_basic,synthetic_mol_weight_acidic,synthetic_molecular_weight,synthetic_length,synthetic_charge,synthetic_isolelectric_point,synthetic_aliphatic_Index,synthetic_instability_Index,synthetic_bomanIndex,synthetic_hydrophobicity,synthetic_hydrophobic_moment,synthetic_toxicity,synthetic_hemolytic_activity,synthetic_score,mutaions,mutaion_count,synthetic_pdb_name
1,AbAMPS1,Pexiganan-D,GIGKICKKAKKPGKAKIKIPKK,6,8,6,0,12,10,10,10,0,27.273,36.364,27.273,0,54.545,45.455,45.455,45.455,0,2363.07934,22,9.933059245,11.40280725,80,-22.20454545,1.277272727,-0.877272727,0.718161823,Non-Toxin,0.44,9,"F5I, L6K, F11P, G14K, F15A, V17K, K18I, I19P",8,AbAMPS1.pdb
2,AbAMPS2,Temporin A,ICPPIGRKKSGIP,4,7,3,0,9,4,3,3,0,30.769,53.846,23.077,0,69.231,30.769,23.077,23.077,0,1365.70004,13,2.935416204,10.79319812,90,30.11538462,0.884615385,-0.207692308,0.281646082,Non-Toxin,0.42,7,"F1I, L2C, P3P, L4P, G6I, R8G, V9K, L10S, S11G, G13I",10,AbAMPS2.pdb
3,AbAMPS3,Cec4,GKPKKIGKKICRIGQPTRIATIQAIGCAQQAAKKAATPKG,17,20,13,0,23,17,10,10,0,42.5,50,32.5,0,57.5,42.5,25,25,0,4131.01634,40,9.871667974,11.55322007,76,6.8825,1.3665,-0.4625,0.876385353,Non-Toxin,0.28,9,"W2K, L3P, E11C, V12G, G14P, N15T, D17R, V25C, N28K, V31A, L33K, V35A, A37P",13,AbAMPS3.pdb
4,AbAMPS4,Cec4,GCKKKIGKKIPRIGQPTRKATIQAIGCAQQAAKPAATCKG,18,21,12,0,23,17,10,10,0,45,52.5,30,0,57.5,42.5,25,25,0,4120.99574,40,9.809693258,11.24899483,66.25,11.215,1.4575,-0.5125,0.87853335,Non-Toxin,0.28,8,"W2C, L3K, E11P, V12G, G14P, N15T, D17R, V25C, N28K, V31P, L33C, V35K, A37P, T38C",14,AbAMPS4.pdb
5,AbAMPS5,Cec4,GICKKIGKKIIRCGQCTRPATIQAIGPAQQAAPCAATKKG,19,22,13,0,25,15,8,8,0,47.5,55,32.5,0,62.5,37.5,20,20,0,4080.94574,40,7.74830861,10.79644262,76,27.5925,1.025,-0.1425,0.850830197,Non-Toxin,0.3,9,"W2I, L3K, E11C, V12G, G14C, N15T, D17R, V25C, N28P, V31A, L33P, V35A, A37C",13,AbAMPS5.pdb
6,AbAMPS6,Cec4,GPIKKIGKKICRKGQKTRPATIQAIGKAQQAACCAATIKG,18,20,13,0,23,17,10,10,0,45,50,32.5,0,57.5,42.5,25,25,0,4137.03844,40,9.809693258,11.24899483,76,18.2,1.3345,-0.36,0.911788595,Non-Toxin,0.3,9,"W2P, L3K, E11R, V12K, G14P, N15T, D17R, V25K, N28A, V31C, L33C, V35A, A37T, K39G",14,AbAMPS6.pdb
7,AbAMPS7,Cec4-7,GCKKKIGKKICRVGQITRCATIQAIGKAQQAAPKAATPKG,18,21,13,0,23,17,10,10,0,45,52.5,32.5,0,57.5,42.5,25,25,0,4123.01164,40,9.809693258,11.24899483,73.5,6.645,1.3565,-0.3675,0.864135467,Non-Toxin,0.27,9,"W2P, L3K, E11R, V12K, G14P, N15T, D17R, V25K, N28A, V31K, L33K, V35A, A37T, K39G",14,AbAMPS7.pdb
8,AbAMPS8,Cec4-8,GCCKKIGKKIPRKGQPTRIATIQKIGIAQQAAPIAATCKG,17,20,13,0,24,16,9,9,0,42.5,50,32.5,0,60,40,22.5,22.5,0,4148.06164,40,8.809988292,11.17359581,83.25,6.7325,1.118,-0.235,0.816056586,Non-Toxin,0.29,6,"W2P, L3K, E11R, V12K, G14P, N15T, D17R, V25K, N28A, V31C, L33K, V35A, A37T, K39P",14,AbAMPS8.pdb
9,AbAMPS9,Cec4-8,GKPKKIGKKIKRPGQKTRCATIQPIGCAQQAACIAATPKG,17,21,11,0,23,17,10,9,0,42.5,52.5,27.5,0,57.5,42.5,25,25,0,4147.03364,40,9.809693258,11.24899483,63.75,28.71,1.50275,-0.5975,0.846832012,Non-Toxin,0.27,9,"W2C, L3K, E11C, V12K, G14P, N15T, D17R, V25C, N28A, V31P, L33C, V35K, A37C, T38K, K39G",15,AbAMPS9.pdb
10,AbAMPS10,Cec4-8,GKIKKIGKKIIRCGQITRPATIQIIGKAQQAAKPAATIKG,15,17,15,0,23,17,10,9,0,37.5,42.5,37.5,0,57.5,42.5,25,25,0,4199.16024,40,9.93364269,11.99731799,102.75,8.0225,1.07475,-0.1925,0.942584256,Non-Toxin,0.35,8,"W2C, L3I, E11P, V12G, G14P, N15T, D17R, V25K, N28A, V31C, L33K, V35A, A37T, K39G",14,AbAMPS10.pdb
11,AbAMPS11,FITC-Cec4,GPIKKIGKKICRKGQITRPATIQAIGCAQQAAKKAATIKG,17,19,14,0,23,17,10,9,0,42.5,47.5,35,0,57.5,42.5,25,25,0,4147.05904,40,9.871667974,11.55322007,85.75,9.3375,1.2435,-0.31,0.911788595,Non-Toxin,0.3,9,"W2C, E11K, H16I, D17C, V19T, V27K, N28A, V30P, A31K, L33P ",10,AbAMPS11.pdb
12,AbAMPS12,FITC-Cec4,GIPKKIGKKIKRCGQCTRKATIQAIGKAQQAACKAATPKG,18,20,12,0,22,18,11,9,0,45,50,30,0,55,45,27.5,27.5,0,4152.05314,40,10.80939822,11.31246234,66.25,24.3875,1.59625,-0.57,0.855016207,Non-Toxin,0.3,9,"W2C, V3C, E11P, R12K, V15G, D16P, V20I, Q22K, V24I, A25G,N27P, L29C ",12,AbAMPS12.pdb
13,AbAMPS13,FITC-Cec4,GCKKKIGKKIIRCGQKTRCATIQAIGPAQQAAPPAATIKG,18,21,13,0,24,16,9,9,0,45,52.5,32.5,0,60,40,22.5,22.5,0,4105.98104,40,8.809988292,11.17359581,76,23.2125,1.19575,-0.3025,0.850830197,Non-Toxin,0.28,9,"G4K, W4P, V1K, I4K, E4K, R4P, V4G, D4C, A4T, T4C, V4P, G4Q, A4A, N4Q, V4C, T4I, L4A, K4P, G4K",19,AbAMPS13.pdb
14,AbAMPS14,FITC-Cec4,GCIKKIGKKICRPGQITRPATIQAIGCAQQAAPCAATIKG,19,22,14,0,26,14,7,9,0,47.5,55,35,0,65,35,17.5,17.5,0,4065.93104,40,6.748603644,10.62836842,85.75,19.205,0.76325,0.0675,0.915514608,Non-Toxin,0.33,9,"G4K, W4K, V4I, E4R, R4C, V4G, D4P, A4T, T4I, V4I, G4K, N4Q, V4P, T4A, L4K, K4G",16,AbAMPS14.pdb
15,AbAMPS15,Human KS-30 (Cathelicidin),KSKCKIGKCKKRIIQRIKIPCRICKPRTKS,8,10,6,0,13,17,13,9,0,26.667,33.333,20,0,43.333,56.667,43.333,43.333,0,3542.52124,30,12.74741689,11.53861952,78,0.713333333,2.965333333,-0.85,0.699839258,Non-Toxin,0.42,9,"E4C, E8C, F10K, V12I, D17I, F20P, L22C, N23K, L24R, V25I, P26C, R27K, T28P, E29R, S30T",15,AbAMPS15.pdb
16,AbAMPS16,Human KS-30 (Cathelicidin),KSKKKIGKKIKRIPQRIKCIKRPCKPRTPS,6,10,5,0,12,18,14,9,0,20,33.333,16.667,0,40,60,46.667,46.667,0,3545.49174,30,13.87107128,12.21660527,65,25.18,3.399666667,-1.403333333,0.905162714,Non-Toxin,0.4,9,"E4K, E8K, F10I, V12P, D17Q, F20I, L22K, N23R, L24P, V25C, P26K, R27R, T28P, E29T, S30P",15,AbAMPS16.pdb
17,AbAMPS17,Human KR-20 (Cathelicidin),KRIKQRIKCKPRPICPRTIS,4,7,4,0,9,11,8,9,0,20,35,20,0,45,55,40,40,0,2422.04094,20,7.872841487,12.12287036,78,37.1,3.5575,-1.02,0.557644177,Non-Toxin,0.4,6,"V4K, D9C, F10K, L11P, N13P, L14I, V15C, E19I",8,AbAMPS17.pdb
18,AbAMPS18,KR-12 ( Cathelicidin),KRIKQRIKCPKR,1,2,2,0,4,8,7,9,0,8.333,16.667,16.667,0,33.333,66.667,58.333,58.333,0,1553.97914,12,6.934819514,12.2802855,65,85.13333333,5.115,-1.891666667,0.570695067,Non-Toxin,0.42,3,"V4I, D9C, F10P, L11K, R12P",5,AbAMPS18.pdb
19,AbAMPS19,KR-12 ( Cathelicidin),KRIIQRIKKIPR,0,1,4,0,5,7,6,9,0,0,8.333,33.333,0,41.667,58.333,50,50,0,1548.98504,12,5.997089264,12.81970548,130,13.5,3.939166667,-1.025,0.97289486,Non-Toxin,0.54,2,"V4I, D9K, F10I, L11P, R12P",5,AbAMPS19.pdb
20,AbAMPS20,KR-12 ( Cathelicidin),KRICQRIKCKIR,2,2,3,0,5,7,6,9,0,16.667,16.667,25,0,41.667,58.333,50,50,0,1544.98654,12,5.873139832,11.65152206,97.5,15.9,4.135833333,-0.85,0.752917568,Non-Toxin,0.47,5,"V4I, D9C, F10C, L11K, R12I",5,AbAMPS20.pdb
21,AbAMPS21,SAAP-148,IPRPCKRIIKPCKRKCRQCKKPKR,4,8,3,0,11,13,12,9,0,16.667,33.333,12.5,0,45.833,54.167,50,50,0,2964.80234,24,11.74800364,11.73450628,48.75,42.79583333,4.129583333,-1.508333333,0.906519703,Non-Toxin,0.43,9,"L1I, K2P, V4P, W5C, V8I, F9I, L11P, L12C, Y15K, W16C, L19C, V23K",12,AbAMPS21.pdb
22,AbAMPS22,AM-CATH36,GKCKKPRRKIKKGIKKICKRKPPIGPGISIPCAGKR,10,15,7,0,20,16,15,9,0,27.778,41.667,19.444,0,55.556,44.444,41.667,41.667,0,3970.05314,36,14.80880153,11.90251673,67.77777778,18.69166667,2.340555556,-0.983333333,0.930431354,Non-Toxin,0.38,9,"L2K, F3C, L6P, F14I, F18C, L21K, V26P, V28I, L32C",9,AbAMPS22.pdb
23,AbAMPS23,AM-CATH36,KIKKGCKKIPKRKPPIGCGPSIPIAGKR,8,13,6,0,17,11,10,9,0,28.571,46.429,21.429,0,60.714,39.286,35.714,35.714,0,2999.80574,28,9.871667974,11.55322007,73.21428571,26.775,1.603928571,-0.760714286,0.772131383,Non-Toxin,0.4,9,"F6C, F10P, L13K, V18C, V20P, L24I",6,AbAMPS23.pdb
24,AbAMPS24,AM-CATH36,KIKKGIKKIKKRCPPIGPGCSIPKAGKR,8,12,6,0,16,12,11,9,0,28.571,42.857,21.429,0,57.143,42.857,39.286,39.286,0,3030.86314,28,10.87137294,11.60351261,73.21428571,21.4,1.802142857,-0.842857143,0.824082789,Non-Toxin,0.4,9,"F6I, F10K, L13C, V18P, V20C, L24K",6,AbAMPS24.pdb
25,AbAMPS25,AM-CATH36,KIKKGKKKIIKRIPPIGKGISIPPAGKR,6,10,8,0,16,12,11,9,0,21.429,35.714,28.571,0,57.143,42.857,39.286,39.286,0,3050.90434,28,10.99532237,12.61793161,101.0714286,21.18571429,1.542142857,-0.7,0.757296203,Non-Toxin,0.43,7,"F6K, F10I, L13I, V18K, V20I, L24P",6,AbAMPS25.pdb
26,AbAMPS26,AM-CATH21,GKCKKIRRKIKKGIKKIKKRP,3,4,4,0,8,13,13,9,0,14.286,19.048,19.048,0,38.095,61.905,61.905,61.905,0,2535.31564,21,12.93304931,12.36351352,74.28571429,25.10952381,3.686666667,-1.638095238,0.912042975,Non-Toxin,0.42,8,"L2K, F3C, L6I, F14I, F18K, L21P",6,AbAMPS26.pdb
27,AbAMPS27,AM-CATH21,GPKKKCRRKIKKGKKKIIKRC,4,5,3,0,8,13,13,9,0,19.048,23.81,14.286,0,38.095,61.905,61.905,61.905,0,2525.29504,21,12.8710746,11.95101419,55.71428571,28.06666667,3.86,-1.733333333,0.748195321,Non-Toxin,0.46,9,"L2P, F3K, L6C, F14K, F18I, L21C",6,AbAMPS27.pdb
28,AbAMPS28,Cathelicidin-BF,KPIRKIKKSKKKRAKKKKPIPRCIGISIPP,5,10,7,0,14,16,14,9,0,16.667,33.333,23.333,0,46.667,53.333,46.667,46.667,0,3466.45864,30,13.93275428,12.37491851,81.33333333,9.003333333,2.635333333,-1.17,0.684456209,Non-Toxin,0.43,8,"F2P, F3I, L6I, V10K, E16K, F17K, F18K, K19P, K20I, V23C, V26I, F30P",12,AbAMPS28.pdb
29,AbAMPS29,Cathelicidin-BF,KCPRKIKKSIKKRAKKKCKPPRIIGISIPC,7,11,7,0,15,15,13,9,0,23.333,36.667,23.333,0,50,50,43.333,43.333,0,3447.44544,30,12.80909988,11.6105835,81.33333333,11.04,2.365,-0.82,0.841394195,Non-Toxin,0.43,7,"F2C, F3P, L6I, V10I, E16K, F17K, F18C, K20P, V23I, V26I, F30C",11,AbAMPS29.pdb
30,AbAMPS30,NA-CATH,KRCKKPIKKLKKSIKKRAKKCPKKPKIIGCTKPI,7,11,7,0,15,19,17,9,0,20.588,32.353,20.588,0,44.118,55.882,50,50,0,3946.15534,34,16.80762802,11.56389073,71.76470588,24.99705882,2.439705882,-1.182352941,0.792657977,Non-Toxin,0.37,6,"F3C, F6P, F7I, N12K, V14I, F21C, F22P, V27I, V30C, F32K, F34I",11,AbAMPS30.pdb
31,AbAMPS31,NA-CATH,KRCKKCPKKLKPSCKKRAKKPIKKPKKIGITPPC,8,14,5,0,16,18,16,9,0,23.529,41.176,14.706,0,47.059,52.941,47.059,47.059,0,3889.03464,34,15.74594834,11.34201888,48.82352941,34.10882353,2.528235294,-1.352941176,0.674210856,Non-Toxin,0.4,9,"F3C, F6C, F7P, N12P, V14C, F21P, F22I, V27K, V30I, F32P, F34C",11,AbAMPS31.pdb
32,AbAMPS32,NA-CATH,KRIKKKIKKLKISKKKRAKKKPKKPKCIGCTKPC,7,10,6,0,13,21,19,9,0,20.588,29.412,17.647,0,38.235,61.765,55.882,55.882,0,3992.22744,34,18.80703795,11.62104775,60.29411765,14.61764706,2.910882353,-1.497058824,0.729265887,Non-Toxin,0.4,9,"F3I, F6K, F7I, N12I, V14K, F21K, F22P, V27C, V30C, F32K, F34C",11,AbAMPS32.pdb
33,AbAMPS33,WAM1,KRGIGKKIRKRCKKCRPSIKKRPKPKCPIIPIPKPG,7,14,6,0,19,17,16,9,0,19.444,38.889,16.667,0,52.778,47.222,44.444,44.444,0,4135.29144,36,15.80879822,12.12923708,65,40.70833333,2.8575,-1.225,0.650738016,Non-Toxin,0.43,8,"F4I, L8I, L12C, F15C, N17P, L23P, N25P, F26K, N27C, V28P, V29I, L34K",12,AbAMPS33.pdb
34,AbAMPS34,WAM1,KRGCGKKPRKRKKKPRKSIKKRKKPKIICIPIPCPG,7,13,5,0,17,19,18,9,0,19.444,36.111,13.889,0,47.222,52.778,50,50,0,4181.36354,36,17.80820816,12.15352836,54.16666667,18.63888889,3.3025,-1.522222222,0.401700379,Non-Toxin,0.43,8,"F4C, L8P, L12K, F15P, N17K, L23K, N25P, F26K, N27I, V28I, V29C, L34C",12,AbAMPS34.pdb
35,AbAMPS35,Bactenecin,RKCRIPKIRPCR,2,4,2,0,6,6,6,9,0,16.667,33.333,16.667,0,50,50,50,50,0,1525.94324,12,5.873431555,12.0793662,65,9.458333333,4.865,-1.25,0.153606022,Non-Toxin,0.45,9,"L2K, V6P, V7K, V10P",4,AbAMPS35.pdb
36,AbAMPS36,HD5d5,ARARCRRGRAARRRRPRGCCRIRGRKRRIAAR,12,13,8,0,15,17,17,9,0,37.5,40.625,25,0,46.875,53.125,53.125,h,0,3875.66974,32,16.81171214,12.97810966,43.125,105.078125,6.7784375,-1.60625,0.483424262,Non-Toxin,0.4,5,"L16P, V19C, L26K, L29I",4,AbAMPS36.pdb
37,AbAMPS37,HD5d5,ARARCRRGRAARRRRCRGICRIRGRPRRKAAR,12,13,8,0,15,17,17,9,0,37.5,40.625,25,0,46.875,53.125,53.125,53.125,0,3875.66974,32,16.81171214,12.97810966,43.125,92.2375,6.7784375,-1.60625,0.581101014,Non-Toxin,0.4,6,"L16C, V19I, L26P, L29K",4,AbAMPS37.pdb
38,AbAMPS38,Magainin-2,GIGKKPCSAKKKGKAIKGCIPIS,10,12,6,0,14,9,7,9,0,43.478,52.174,26.087,0,60.87,39.13,30.435,30.435,0,2312.90414,23,6.871969631,10.92802133,76.52173913,-20.39130435,0.696956522,-0.308695652,0.437024253,Non-Toxin,0.44,7,"F5K, L6P, H7C, F12K, F16I, V17K, E19C, M21P, N22I",9,AbAMPS38.pdb
39,AbAMPS39,Magainin-2,GIGKICPSAKKPGKAPIGPIICS,10,14,7,0,17,6,4,9,0,43.478,60.87,30.435,0,73.913,26.087,17.391,17.391,0,2235.77464,23,3.872854732,10.34879155,93.47826087,16.64347826,-0.240869565,0.256521739,0.568033415,Non-Toxin,0.44,3,"F5I, L6C, H7P, F12P, F16P, V17I, E19P, M21I, N22C",9,AbAMPS39.pdb
40,AbAMPS40,C20D1,KKICRTPLRRISKKIPTGKK,5,7,4,0,8,12,9,9,0,25,35,20,0,40,60,45,45,0,2351.97244,20,8.934229446,12.31155085,78,29.35,3.235,-1.145,0.772820399,Non-Toxin,0.357007609,4,"M4C, F7P, D14K, L16P",4,AbAMPS40.pdb
41,AbAMPS41,C20D2,KKICRTKLRRISKPIPTGKK,5,7,4,0,8,12,9,9,0,25,35,20,0,40,60,45,45,0,2351.97244,20,8.934229446,12.31155085,78,25.58,3.235,-1.145,0.770911014,Non-Toxin,0.357007609,4,"M4C, F7K, D14P, L16P",4,AbAMPS41.pdb
42,AbAMPS42,CATH_BRALE-D1 ,RRSKARGGSRGSKPGRKISKGGSRGRPGSGSRPGGGSSIAGASRGCRGGTRKA,32,35,6,0,26,27,16,16,0,60.377,66.038,11.321,0,49.057,50.943,30.189,30.189,0,5166.78864,53,15.93449799,13.15903269,22.26415094,50.1490566,3.68,-1.324528302,0.795770282,Non-Toxin,0.451314994,1,"M14P, D18I, D46C, N52K",4,AbAMPS42.pdb
43,AbAMPS43,CATH_BRALE-D2 ,RRSKARGGSRGSKIGRKPSKGGSRGRPGSGSRPGGGSSIAGASRGKRGGTRPA,31,35,6,0,26,27,16,16,0,58.491,66.038,11.321,0,49.057,50.943,30.189,30.189,0,5160.76654,53,15.99647271,13.50474278,22.26415094,65.6,3.704150943,-1.401886792,0.755608772,Non-Toxin,0.45123245,1,"M14I, D18P, D46K, N52P",4,AbAMPS43.pdb
44,AbAMPS44,"Cathelicidin CATH2, Cc-CATH2-D1",PKQRGRIGRCCKKPRRKIPKKIIAAQIGSRPG,9,13,7,0,17,15,12,12,0,28.125,40.625,21.875,0,53.125,46.875,37.5,37.5,0,3598.43104,32,11.8722448,12.53176946,67.1875,33.453125,3.21125,-1.096875,0.793176465,Non-Toxin,0.161175643,4,"L1P, V2K, F7I, F10C, L11C, V14P, F17K, V21K, F31P",9,AbAMPS44.pdb
45,AbAMPS45,"Cathelicidin CATH2, Cc-CATH2-D2",KPQRGRIGRCIKKPRRCIPKKIIAAQIGSRKG,9,12,8,0,17,15,12,12,0,28.125,37.5,25,0,53.125,46.875,37.5,37.5,0,3614.47374,32,11.8722448,12.53176946,79.375,21.04375,3.0575,-0.90625,0.880655896,Non-Toxin,0.175752192,8,"L1K, V2P, F7I, F10C, L11I, V14P, F17C, V21K, F31K",9,AbAMPS45.pdb
46,AbAMPS46,"Cathelicidin CATH3, Cc-CATH3-D1",RPRRICPKKPPAICTVAAGICPKKAIRRK,9,15,9,0,18,11,10,10,0,31.034,51.724,31.034,0,62.069,37.931,34.483,34.483,0,3229.06554,29,9.810568426,12.03496832,77.5862069,85.47931034,2.385517241,-0.489655172,0.520921457,Non-Toxin,0.365210478,8,"V2P, F5I, W6C, L8K, V9K, V11P, N14C, N21C, L22P, Y23K",10,AbAMPS46.pdb
47,AbAMPS47,"Cathelicidin CATH3, Pc-CATH1-D1",RIKRCKPIPIRTKCAGIKPCRAIKKK,7,10,7,0,14,12,11,11,0,26.923,38.462,26.923,0,53.846,46.154,42.308,42.308,0,3006.86204,26,10.80998167,11.78974708,82.69230769,-0.715384615,2.619230769,-0.676923077,0.599791722,Non-Toxin,0.405784845,9,"F5C, W6K, V8I, V9P, V13K, V14C, Y17I, N18K, L19P, Y20C",10,AbAMPS47.pdb
48,AbAMPS48,Cathelicidin Ps-CATH3-D1,TRSRKRRITRRAGGPIRKCRCKIISTAKKKIG,12,13,7,0,13,19,14,14,0,37.5,40.625,21.875,0,40.625,59.375,43.75,43.75,0,3696.53614,32,13.87223817,12.73781107,67.1875,73.975,4.1740625,-1.0875,0.827728622,Non-Toxin,0.385122907,4,"W5K, F8I, F15P, N19C, W21C, N22K, L28K, W30K",8,AbAMPS48.pdb
49,AbAMPS49,Cathelicidin Ps-CATH4-D1,TRGRPGRKKRRAGRCIRRIRPQIISTGKKIIG,10,12,7,0,15,17,13,13,0,31.25,37.5,21.875,0,46.875,53.125,40.625,40.625,0,3686.48514,32,12.93479965,13.05033752,76.25,63.11875,4.1640625,-1.115625,1.005359602,Non-Toxin,0.39398408,5,"W5P, F8K, F15C, N19I, W21P, L28K, L30I",7,AbAMPS49.pdb
50,AbAMPS50,Cathelicidin Ps-CATH4-D2,TRGRKGRKKRRAGRPIRRIRIQIISTGCKCIG,11,12,7,0,15,17,13,13,0,34.375,37.5,21.875,0,46.875,53.125,40.625,40.625,0,3692.50724,32,12.87282493,12.80949506,76.25,53.734375,4.1240625,-0.9875,0.999232176,Non-Toxin,0.401022348,8,"W5K, F8K, F15P, N19I, W21I, L28C, L30C",7,AbAMPS50.pdb
,,,,,,,,,,,,,,,,,,,,,,,,,,,,,,,,,,,,
,,,,,,,,,,,,,,,,,,,,,,,,,,,,,,,,,,,,
,,,,,,,,,,,,,,,,,,,,,,,,,,,,,,,,,,,,
,,,,,,,,,,,,,,,,,,,,,,,,,,,,,,,,,,,,
,,,,,,,,,,,,,,,,,,,,,,,,,,,,,,,,,,,,
,,,,,,,,,,,,,,,,,,,,,,,,,,,,,,,,,,,,
,,,,,,,,,,,,,,,,,,,,,,,,,,,,,,,,,,,,
,,,,,,,,,,,,,,,,,,,,,,,,,,,,,,,,,,,,
,,,,,,,,,,,,,,,,,,,,,,,,,,,,,,,,,,,,
,,,,,,,,,,,,,,,,,,,,,,,,,,,,,,,,,,,,
,,,,,,,,,,,,,,,,,,,,,,,,,,,,,,,,,,,,
,,,,,,,,,,,,,,,,,,,,,,,,,,,,,,,,,,,,
,,,,,,,,,,,,,,,,,,,,,,,,,,,,,,,,,,,,
,,,,,,,,,,,,,,,,,,,,,,,,,,,,,,,,,,,,
,,,,,,,,,,,,,,,,,,,,,,,,,,,,,,,,,,,,
,,,,,,,,,,,,,,,,,,,,,,,,,,,,,,,,,,,,
,,,,,,,,,,,,,,,,,,,,,,,,,,,,,,,,,,,,
,,,,,,,,,,,,,,,,,,,,,,,,,,,,,,,,,,,,
,,,,,,,,,,,,,,,,,,,,,,,,,,,,,,,,,,,,
,,,,,,,,,,,,,,,,,,,,,,,,,,,,,,,,,,,,
,,,,,,,,,,,,,,,,,,,,,,,,,,,,,,,,,,,,
,,,,,,,,,,,,,,,,,,,,,,,,,,,,,,,,,,,,
,,,,,,,,,,,,,,,,,,,,,,,,,,,,,,,,,,,,
,,,,,,,,,,,,,,,,,,,,,,,,,,,,,,,,,,,,
,,,,,,,,,,,,,,,,,,,,,,,,,,,,,,,,,,,,
,,,,,,,,,,,,,,,,,,,,,,,,,,,,,,,,,,,,
,,,,,,,,,,,,,,,,,,,,,,,,,,,,,,,,,,,,
,,,,,,,,,,,,,,,,,,,,,,,,,,,,,,,,,,,,
,,,,,,,,,,,,,,,,,,,,,,,,,,,,,,,,,,,,
,,,,,,,,,,,,,,,,,,,,,,,,,,,,,,,,,,,,
,,,,,,,,,,,,,,,,,,,,,,,,,,,,,,,,,,,,
,,,,,,,,,,,,,,,,,,,,,,,,,,,,,,,,,,,,
,,,,,,,,,,,,,,,,,,,,,,,,,,,,,,,,,,,,
,,,,,,,,,,,,,,,,,,,,,,,,,,,,,,,,,,,,
,,,,,,,,,,,,,,,,,,,,,,,,,,,,,,,,,,,,
,,,,,,,,,,,,,,,,,,,MembPos,,,,,,,,,,,,,,,,,
